time_ms,ppg_red,ppg_ir,ax,ay,az,gx,gy,gz,motion_mag,ppg_ir_detrended,ppg_red_detrended,ppg_noise_score,slope_score,dynamic_motion,motion_score,signal_label,protocol_label,is_peak,beat_interval_s,instant_bpm
53954,780,717,0.001831,0.015137,1.005371,-0.244141,0.0,-0.061035,1.005487,93.0,-66.84615384615381,0.0,0.0,5.100000000002325e-05,5.100000000002325e-05,NO_FINGER,NO_FINGER,0,,
54114,887,516,0.004395,0.014771,1.005371,-0.244141,-0.061035,-0.061035,1.005489,-113.57142857142856,33.5,0.0,0.0,5.66428571426858e-05,5.382142857135453e-05,NO_FINGER,NO_FINGER,0,,
54275,788,681,0.003296,0.016724,1.005005,-0.183105,0.0,-0.12207,1.005149,43.39999999999998,-52.133333333333326,0.0,0.0,0.0004008666666666,0.0001695031746031,NO_FINGER,NO_FINGER,0,,
54436,986,523,0.003662,0.016235,1.004883,-0.305176,0.0,-0.061035,1.005021,-101.625,151.375,0.0,0.0,0.0005187500000001,0.0002568148809523,NO_FINGER,NO_FINGER,0,,
54595,790,768,0.005005,0.015991,1.006348,-0.305176,0.0,-0.12207,1.006487,148.76470588235293,-45.23529411764707,0.0,0.0,0.000943764705882,0.0003942048459383,NO_FINGER,NO_FINGER,0,,
54756,846,562,0.003174,0.015381,1.004883,-0.244141,0.0,-0.12207,1.005005,-57.33333333333337,0.2222222222221717,0.0,0.0,0.0005834444444443,0.0004257447790226,NO_FINGER,NO_FINGER,0,,
54917,651,666,0.004639,0.014648,1.006592,-0.244141,0.061035,-0.061035,1.006709,37.84210526315792,-190.68421052631584,0.0,0.0,0.0010478947368421,0.0005146233444254,NO_FINGER,NO_FINGER,0,,
55077,1057,430,0.00354,0.015991,1.005127,-0.305176,0.061035,-0.061035,1.00526,-195.04999999999995,222.35,0.0,0.0,0.0003933499999999,0.0004994641763722,NO_FINGER,NO_FINGER,0,,
55238,834,841,0.00415,0.015625,1.005005,-0.305176,0.0,-0.061035,1.005135,222.28571428571436,-2.047619047619037,0.0,0.0,0.0005808571428571,0.000508507839315,NO_FINGER,NO_FINGER,0,,
55398,905,643,0.003418,0.015747,1.006104,-0.244141,-0.061035,-0.061035,1.006233,23.0,64.72727272727275,0.0,0.0,0.0005166818181818,0.0005093252372017,NO_FINGER,NO_FINGER,0,,
55558,589,695,0.004761,0.016602,1.005371,-0.305176,0.12207,-0.12207,1.005519,73.21739130434787,-253.0434782608696,0.0,0.0,0.0002040869565216,0.0004815763025944,NO_FINGER,NO_FINGER,0,,
55719,967,367,0.005005,0.015747,1.004761,-0.366211,-0.061035,-0.183105,1.004897,-256.04166666666663,129.25,0.0,0.0,0.0008060416666668,0.0005086150829337,NO_FINGER,NO_FINGER,0,,
55879,929,703,0.00354,0.014404,1.005493,-0.305176,0.0,-0.061035,1.005603,83.75999999999999,89.03999999999996,0.0,0.0,8.195999999993653e-05,0.0004757954611696,NO_FINGER,NO_FINGER,0,,
56039,940,702,0.009155,0.014893,1.005493,-0.366211,0.0,-0.12207,1.005645,83.63999999999999,100.12,0.0,0.0,1.4399999999969992e-05,0.0004428386425146,NO_FINGER,NO_FINGER,0,,
56200,653,750,-0.002075,0.015137,1.005493,-0.305176,0.0,-0.061035,1.005609,130.51999999999998,-187.4,0.0,0.0,0.0001098399999999,0.0004206387330136,NO_FINGER,NO_FINGER,0,,
56359,752,430,0.00647,0.015381,1.005249,-0.305176,0.061035,-0.061035,1.005388,-190.4,-88.63999999999999,0.0,0.0,0.0003728,0.0004176488122003,NO_FINGER,NO_FINGER,0,,
56520,845,533,0.002441,0.014404,1.005493,-0.183105,-0.061035,0.0,1.005599,-89.48000000000002,4.67999999999995,0.0,0.0,0.00019944,0.0004048129997179,NO_FINGER,NO_FINGER,0,,
56681,1025,621,0.005249,0.015381,1.006226,-0.305176,-0.061035,-0.12207,1.006357,-0.67999999999995,184.76,0.0,0.0,0.0005701200000001,0.0004139967219558,NO_FINGER,NO_FINGER,0,,
56840,768,787,0.003052,0.016113,1.006836,-0.305176,0.0,-0.061035,1.006969,165.0,-73.60000000000002,0.0,0.0,0.00112956,0.000451657947116,NO_FINGER,NO_FINGER,0,,
57001,701,566,0.004028,0.015991,1.005371,-0.305176,0.061035,-0.061035,1.005506,-55.08000000000004,-143.64,0.0,0.0,0.0002782399999998,0.0004429870497602,NO_FINGER,NO_FINGER,0,,
57161,864,492,0.003052,0.015869,1.006836,-0.305176,0.061035,-0.061035,1.006966,-129.79999999999995,19.480000000000015,0.0,0.0,0.0011589199999999,0.0004770790950097,NO_FINGER,NO_FINGER,0,,
57322,929,647,0.00293,0.014648,1.005615,-0.305176,0.0,-0.12207,1.005726,25.360000000000014,85.60000000000002,0.0,0.0,6.78400000000412e-05,0.0004584773179638,NO_FINGER,NO_FINGER,0,,
57483,881,661,0.005127,0.015625,1.005737,-0.305176,0.0,-0.12207,1.005872,41.32000000000005,39.120000000000005,0.0,0.0,9.01600000000613e-05,0.0004424635215306,NO_FINGER,NO_FINGER,0,,
57642,739,652,0.003052,0.014893,1.005127,-0.305176,0.061035,-0.061035,1.005242,32.200000000000045,-102.91999999999996,0.0,0.0,0.00052308,0.0004458225414669,NO_FINGER,NO_FINGER,0,,
57803,893,528,0.003662,0.015381,1.005127,-0.305176,0.061035,-0.12207,1.005251,-91.76,49.200000000000045,0.0,0.0,0.0006018,0.0004520616398082,NO_FINGER,NO_FINGER,0,,
57964,778,695,0.003418,0.012817,1.004761,-0.305176,0.0,-0.061035,1.004848,72.27999999999997,-65.32000000000005,0.0,0.0,0.00097952,0.0004892024398082,NO_FINGER,NO_FINGER,0,,
58123,900,544,0.004028,0.016235,1.006836,-0.244141,0.0,-0.061035,1.006975,-79.08000000000004,57.24000000000001,0.0,0.0,0.00114316,0.0005326631255225,NO_FINGER,NO_FINGER,0,,
58284,794,704,0.000732,0.013794,1.006104,-0.244141,0.061035,-0.12207,1.006198,82.51999999999998,-48.120000000000005,0.0,0.0,0.0003646799999998,0.0005312156588558,NO_FINGER,NO_FINGER,0,,
58445,978,575,0.004517,0.020752,1.005737,-0.183105,0.061035,-0.061035,1.005962,-45.120000000000005,132.15999999999997,0.0,0.0,0.0001404799999999,0.0005160848588558,NO_FINGER,NO_FINGER,0,,
58604,788,748,0.002075,0.020752,1.005981,-0.305176,0.0,-0.12207,1.006198,125.64,-60.88,0.0,0.0,0.0003706000000001,0.0004931582706205,NO_FINGER,NO_FINGER,0,,
58765,880,570,0.009644,0.018433,1.006104,-0.305176,0.0,-0.061035,1.006319,-53.96000000000004,31.91999999999996,0.0,0.0,0.0005163599999999,0.0004904748928427,NO_FINGER,NO_FINGER,0,,
58926,727,643,-0.004272,0.011963,1.005249,-0.244141,0.0,-0.12207,1.005329,19.120000000000005,-119.08000000000004,0.0,0.0,0.0004476399999999,0.0004664647033691,NO_FINGER,NO_FINGER,0,,
59085,1054,448,0.013062,0.022583,1.005493,-0.305176,0.0,-0.12207,1.005831,-173.60000000000002,207.08000000000004,0.0,0.0,6.119999999998349e-05,0.0004531787033691,NO_FINGER,NO_FINGER,0,,
59246,806,837,-0.000977,0.009277,1.004761,-0.305176,0.0,-0.061035,1.004804,214.64,-40.88,0.0,0.0,0.00092792,0.0004670612176548,NO_FINGER,NO_FINGER,0,,
59407,867,594,0.010376,0.023071,1.005615,-0.183105,0.0,-0.12207,1.005933,-26.840000000000032,16.720000000000027,0.0,0.0,0.00020116,0.0004544403449275,NO_FINGER,NO_FINGER,0,,
59567,590,698,-0.005127,0.012817,1.005005,-0.305176,-0.061035,-0.12207,1.0051,72.72000000000003,-257.67999999999995,0.0,0.0,0.0006755599999999,0.0004732992666666,NO_FINGER,NO_FINGER,0,,
59727,1014,366,0.008545,0.013916,1.006958,-0.244141,0.0,-0.12207,1.00709,-256.67999999999995,167.88,0.0,0.0,0.00129464,0.0004928432,NO_FINGER,NO_FINGER,0,,
59888,917,777,0.001953,0.013184,1.004883,-0.244141,0.061035,-0.061035,1.004971,155.48000000000002,71.84000000000003,0.0,0.0,0.0008096799999999,0.000521952,NO_FINGER,NO_FINGER,0,,
60048,926,711,0.004272,0.016113,1.005615,-0.305176,0.0,-0.183105,1.005753,92.67999999999996,74.36000000000001,0.0,0.0,9.508000000013617e-05,0.0005251792,NO_FINGER,NO_FINGER,0,,
60209,637,710,0.005249,0.016724,1.005493,-0.244141,0.0,-0.061035,1.005646,86.75999999999999,-213.4,0.0,0.0,0.00012056,0.000525608,NO_FINGER,NO_FINGER,0,,
60368,845,396,0.005005,0.012329,1.005005,-0.305176,0.0,-0.12207,1.005093,-224.16,-2.8799999999999955,0.0,0.0,0.0006597999999999,0.000537088,NO_FINGER,NO_FINGER,0,,
60529,921,589,0.005737,0.015137,1.005615,-0.244141,0.061035,-0.12207,1.005746,-28.08000000000004,75.84000000000003,0.0,0.0,3.8399999999994e-05,0.0005306464,NO_FINGER,NO_FINGER,0,,
60690,1005,661,0.004272,0.015137,1.005615,-0.244141,0.061035,-0.12207,1.005738,46.440000000000055,159.64,0.0,0.0,3.488000000007041e-05,0.0005092368,NO_FINGER,NO_FINGER,0,,
60849,718,785,0.002197,0.01355,1.006226,-0.305176,0.0,-0.12207,1.006319,170.08000000000004,-128.03999999999996,0.0,0.0,0.0005453199999998,0.0004858672,NO_FINGER,NO_FINGER,0,,
61010,722,509,0.008911,0.018433,1.005127,-0.244141,0.0,-0.061035,1.005335,-107.55999999999996,-126.96000000000004,0.0,0.0,0.0004514399999999,0.0004927952,NO_FINGER,NO_FINGER,0,,
61171,863,511,0.00354,0.017578,1.005859,-0.305176,0.061035,-0.12207,1.006019,-110.15999999999995,18.360000000000014,0.0,0.0,0.0002167199999998,0.0004551072,NO_FINGER,NO_FINGER,0,,
61331,1014,609,0.003906,0.014282,1.005615,-0.244141,0.0,-0.12207,1.005724,-8.440000000000055,170.55999999999997,0.0,0.0,0.0001544799999999,0.0004585727999999,NO_FINGER,NO_FINGER,0,,
61490,816,772,0.001953,0.015991,1.006836,-0.305176,-0.061035,-0.12207,1.006965,156.96000000000004,-29.24000000000001,0.0,0.0,0.00111072,0.0004993951999999,NO_FINGER,NO_FINGER,0,,
61651,700,587,0.005859,0.021362,1.005493,-0.244141,0.0,-0.061035,1.005737,-26.879999999999995,-153.24,0.0,0.0,0.0001392,0.0004840399999999,NO_FINGER,NO_FINGER,0,,
61812,869,499,0.001831,0.015625,1.004761,-0.305176,0.0,-0.12207,1.004884,-121.84000000000005,16.519999999999982,0.0,0.0,0.0009350799999998,0.0004973711999999,NO_FINGER,NO_FINGER,0,,
61971,940,615,0.002563,0.010986,1.00647,-0.305176,0.0,-0.12207,1.006533,-6.7999999999999545,91.88,0.0,0.0,0.0006529599999998,0.0004843087999999,NO_FINGER,NO_FINGER,0,,
62133,869,667,0.008423,0.016846,1.004761,-0.244141,0.0,-0.12207,1.004937,51.24000000000001,23.44000000000005,0.0,0.0,0.0009289599999999,0.0004757407999999,NO_FINGER,NO_FINGER,0,,
62292,731,627,0.002563,0.015137,1.005737,-0.305176,0.0,-0.061035,1.005854,13.720000000000027,-114.72000000000004,0.0,0.0,3.1759999999936284e-05,0.0004624239999999,NO_FINGER,NO_FINGER,0,,
62452,910,498,0.000488,0.017944,1.006592,-0.183105,0.0,-0.061035,1.006752,-114.51999999999998,56.24000000000001,0.0,0.0,0.00082552,0.0004898255999999,NO_FINGER,NO_FINGER,0,,
62613,793,685,0.004028,0.018188,1.005737,-0.305176,0.0,-0.061035,1.00591,62.27999999999997,-58.51999999999998,0.0,0.0,2.964000000016398e-05,0.0004761871999999,NO_FINGER,NO_FINGER,0,,
62774,897,579,0.001709,0.015015,1.006226,-0.244141,0.061035,-0.12207,1.006339,-42.84000000000003,48.67999999999995,0.0,0.0,0.0003874800000001,0.0004710319999999,NO_FINGER,NO_FINGER,0,,
62935,800,684,0.002686,0.017456,1.005493,-0.366211,0.061035,-0.12207,1.005648,65.88,-43.63999999999999,0.0,0.0,0.00029444,0.0004649039999999,NO_FINGER,NO_FINGER,0,,
63094,946,563,0.00293,0.015503,1.006104,-0.305176,0.0,-0.12207,1.006227,-50.0,94.12,0.0,0.0,0.0002773999999998,0.0004735519999999,NO_FINGER,NO_FINGER,0,,
63255,776,744,0.008057,0.013062,1.006592,-0.305176,0.061035,-0.183105,1.006709,124.55999999999996,-78.36000000000001,0.0,0.0,0.0007412799999999,0.0004660863999999,NO_FINGER,NO_FINGER,0,,
63416,912,534,0.00061,0.012573,1.005249,-0.305176,0.0,-0.12207,1.005328,-89.20000000000005,59.84000000000003,0.0,0.0,0.00062084,0.0004828735999999,NO_FINGER,NO_FINGER,0,,
63575,790,669,0.004883,0.016968,1.005493,-0.305176,0.0,-0.12207,1.005648,47.24000000000001,-55.48000000000002,0.0,0.0,0.0002330399999999,0.0004651727999999,NO_FINGER,NO_FINGER,0,,
63736,995,540,0.002808,0.018188,1.005493,-0.305176,0.0,-0.183105,1.005662,-75.96000000000004,147.67999999999995,0.0,0.0,0.00020916,0.0004217535999999,NO_FINGER,NO_FINGER,0,,
63897,808,801,0.004517,0.016602,1.006348,-0.366211,0.061035,-0.061035,1.006495,183.6,-39.200000000000045,0.0,0.0,0.0005949999999999,0.0004131663999999,NO_FINGER,NO_FINGER,0,,
64057,862,560,0.00293,0.017212,1.005249,-0.244141,0.0,-0.12207,1.005401,-57.15999999999997,12.120000000000005,0.0,0.0,0.0004279999999998,0.0004264831999999,NO_FINGER,NO_FINGER,0,,
64216,641,648,0.00647,0.016724,1.005981,-0.244141,0.0,-0.12207,1.006141,25.480000000000015,-203.79999999999995,0.0,0.0,0.0003093199999999,0.0004340335999999,NO_FINGER,NO_FINGER,0,,
64377,1046,377,0.015869,-0.00293,1.005981,-0.305176,0.0,-0.183105,1.006111,-242.12,201.36,0.0,0.0,0.0002494799999999,0.0004176207999999,NO_FINGER,NO_FINGER,0,,
64538,865,844,-0.004028,0.025757,1.005737,-0.305176,0.0,0.0,1.006075,225.72000000000003,23.08000000000004,0.0,0.0,0.0002591600000001,0.0004264511999999,NO_FINGER,NO_FINGER,0,,
64697,925,639,0.005615,0.017944,1.005859,-0.305176,-0.061035,0.0,1.006035,23.08000000000004,76.88,0.0,0.0,0.00024708,0.0004349391999999,NO_FINGER,NO_FINGER,0,,
64858,601,692,0.001099,0.014893,1.005981,-0.305176,0.0,-0.12207,1.006092,71.51999999999998,-245.12,0.0,0.0,0.0002898799999999,0.0004247215999999,NO_FINGER,NO_FINGER,0,,
65019,928,381,0.003296,0.016602,1.005371,-0.244141,0.0,-0.061035,1.005514,-236.72000000000003,84.32000000000005,0.0,0.0,0.0003126800000001,0.0004191711999999,NO_FINGER,NO_FINGER,0,,
65179,925,672,0.003662,0.015381,1.006348,-0.244141,0.061035,-0.12207,1.006472,57.120000000000005,84.44000000000005,0.0,0.0,0.00069932,0.0004384751999999,NO_FINGER,NO_FINGER,0,,
65340,959,703,0.003174,0.015503,1.005127,-0.305176,0.061035,-0.061035,1.005252,90.60000000000002,117.64,0.0,0.0,0.0004999999999999,0.0004522959999999,NO_FINGER,NO_FINGER,0,,
65499,649,736,0.004883,0.016235,1.005127,-0.305176,0.0,-0.12207,1.00527,123.27999999999996,-191.88,0.0,0.0,0.0005907599999999,0.0004314975999999,NO_FINGER,NO_FINGER,0,,
65660,746,442,0.003784,0.015015,1.005371,-0.244141,0.0,-0.12207,1.00549,-171.24,-94.39999999999998,0.0,0.0,0.0004047599999998,0.0004421199999999,NO_FINGER,NO_FINGER,0,,
65821,866,535,0.00415,0.014404,1.005493,-0.244141,0.0,-0.12207,1.005605,-78.55999999999995,27.159999999999968,0.0,0.0,0.0003171999999997,0.0004174047999999,NO_FINGER,NO_FINGER,0,,
65980,1007,609,0.003662,0.015015,1.004639,-0.244141,0.0,-0.061035,1.004758,-1.919999999999959,169.72000000000003,0.0,0.0,0.00110684,0.0004355599999999,NO_FINGER,NO_FINGER,0,,
66141,742,801,0.003784,0.015137,1.004883,-0.305176,0.061035,-0.12207,1.005004,191.12,-96.84000000000005,0.0,0.0,0.0009142800000001,0.0004349727999999,NO_FINGER,NO_FINGER,0,,
66302,727,542,0.003784,0.015747,1.00647,-0.244141,-0.061035,-0.061035,1.0066,-68.51999999999998,-117.91999999999996,0.0,0.0,0.0007219600000001,0.0004625808,NO_FINGER,NO_FINGER,0,,
66461,842,477,0.00415,0.014771,1.005493,-0.244141,0.0,-0.061035,1.00561,-139.79999999999995,-0.3999999999999772,0.0,0.0,0.00032888,0.0004427152,NO_FINGER,NO_FINGER,0,,
66622,948,626,0.005005,0.012085,1.005127,-0.244141,0.0,0.0,1.005212,11.360000000000014,108.96000000000004,0.0,0.0,0.0007468799999998,0.0004714047999999,NO_FINGER,NO_FINGER,0,,
66783,847,693,0.00293,0.014038,1.006592,-0.305176,0.0,-0.12207,1.006694,80.48000000000002,10.639999999999986,0.0,0.0,0.0007421599999999,0.0004855919999999,NO_FINGER,NO_FINGER,0,,
66942,739,615,0.008179,0.015869,1.006104,-0.305176,0.0,-0.12207,1.006262,-7.799999999999954,-100.15999999999995,0.0,0.0,0.0003140000000001,0.0004863743999999,NO_FINGER,NO_FINGER,0,,
67103,868,492,0.002319,0.015137,1.004761,-0.244141,0.061035,-0.061035,1.004877,-239.96000000000004,18.159999999999968,0.0,0.0,0.0011491999999999,0.0005212463999999,NO_FINGER,NO_FINGER,0,,
67264,796,682,0.008423,0.010376,1.006104,-0.244141,0.12207,-0.12207,1.006192,-799.8399999999999,-251.76,0.0,0.0,0.0001945600000001,0.0004993776,NO_FINGER,NO_FINGER,0,,
67423,900,542,-0.002319,0.021606,1.007813,-0.183105,0.0,-0.244141,1.008047,-4720.2,-2186.0,0.0,0.0,0.0019696,0.000553328,NO_FINGER,NO_FINGER,0,,
67585,778,682,0.008423,0.038208,1.005737,-0.366211,0.061035,0.0,1.006498,-9211.12,-6388.12,0.0,0.0,0.0003951999999998,0.0005598144,NO_FINGER,NO_FINGER,0,,
67744,956,548,0.000122,-0.00061,1.006348,-0.305176,0.0,-0.061035,1.006348,-13998.08,-10305.32,0.0,0.0,0.00026904,0.0005622096,NO_FINGER,NO_FINGER,0,,
67905,769,735,0.006958,0.02356,1.004761,-0.183105,0.0,-0.12207,1.005061,-18471.56,-14578.88,0.0,0.0,0.0010331599999999,0.000579736,NO_FINGER,NO_FINGER,0,,
68066,901,534,0.002197,0.016968,1.006592,-0.305176,0.061035,-0.12207,1.006737,-23340.68,-18529.08,0.0,0.0,0.0005935999999999,0.00058636,NO_FINGER,NO_FINGER,0,,
68225,793,664,0.007813,0.01416,1.005005,-0.244141,-0.061035,-0.12207,1.005135,-27872.4,-22731.32,0.0,0.0,0.0010231200000001,0.000614912,NO_FINGER,NO_FINGER,0,,
68386,983,534,0.0,0.011353,1.007568,-0.244141,0.0,-0.061035,1.007632,-32676.6,-26630.92,0.0,0.0,0.0015068000000002,0.0006652048,NO_FINGER,NO_FINGER,0,,
68547,781,790,0.009766,0.019043,1.006348,-0.244141,-0.061035,-0.183105,1.006575,-37101.08,-30921.56,0.0,0.0,0.00044884,0.000672792,NO_FINGER,NO_FINGER,0,,
68707,858,586,0.002319,0.015503,1.005737,-0.244141,-0.061035,-0.061035,1.005859,-41980.92,-34925.72,0.0,0.0,0.00026828,0.00067364,NO_FINGER,NO_FINGER,0,,
68868,671,949,0.005493,0.015625,1.005859,-0.244141,-0.061035,-0.12207,1.005996,-46292.88,-39198.24,0.0,0.0,6.975999999991878e-05,0.0006648352,NO_FINGER,NO_FINGER,0,,
69027,1195,3110,0.000244,0.01709,1.007324,-0.244141,0.0,-0.12207,1.007469,-48812.84,-42761.92,0.0,0.0,0.0014385199999999,0.0007098688,CLEAN,CLEAN,0,,
69188,5873,19419,0.008789,0.01416,1.005615,-0.305176,0.0,-0.12207,1.005753,-37183.0,-42167.96,0.0,0.0,0.0003409199999999,0.0006955328,CLEAN,CLEAN,0,,
69349,51915,95212,-0.005127,0.017822,1.00708,-0.183105,-0.061035,-0.061035,1.007251,33933.72,-207.76000000000204,0.9350654581478308,1.322382252619274,0.00121024,0.0007239424,CLEAN,CLEAN,0,,
69509,102652,116509,0.011353,0.014404,1.005737,-0.305176,0.061035,-0.12207,1.005905,50548.44,46451.32,0.6623310296142367,1.322382252619274,4.339999999980471e-05,0.000702048,CLEAN,CLEAN,0,,
69668,103126,116766,0.000488,0.016357,1.004761,-0.244141,0.0,-0.12207,1.004894,46126.96000000001,42843.88,0.5306842474164132,1.322382252619274,0.00100004,0.0007258592,CLEAN,CLEAN,0,,
69829,103030,117047,0.004761,0.015137,1.005859,-0.366211,0.061035,-0.061035,1.005985,41720.64,38674.4,0.4535368831925798,0.2764168901964177,0.0001350799999999,0.0007185744,CLEAN,CLEAN,0,,
69990,103062,117312,0.00415,0.015625,1.005859,-0.305176,0.0,-0.12207,1.005989,37296.12,34624.600000000006,0.4019515814403623,0.0030218108066836,8.7200000000065e-05,0.0006777888,CLEAN,CLEAN,0,,
70149,103098,117344,0.003784,0.015259,1.005249,-0.12207,0.0,0.0,1.005372,32631.56,30581.520000000004,0.3644600431840553,0.0030218108066836,0.00049512,0.0006610224,CLEAN,CLEAN,0,,
70311,102967,117397,0.005005,0.017334,1.005615,-0.305176,0.0,-0.12207,1.005777,27989.56,26370.84,0.3356985695077851,0.0027307153959107,0.00013356,0.0006374864,CLEAN,CLEAN,0,,
70470,103058,117489,0.004883,0.016113,1.005493,-0.366211,0.0,-0.061035,1.005634,23384.039999999997,22389.320000000007,0.3127679257170033,0.0008860400537188,0.0001763599999999,0.0006313856,CLEAN,CLEAN,0,,
70631,102977,117522,0.00415,0.014526,1.005127,-0.366211,0.0,-0.061035,1.00524,18730.679999999997,18231.759999999995,0.2939378158284753,0.0008860400537188,0.0005273600000001,0.0006226048,CLEAN,CLEAN,0,,
70791,102985,117567,0.005371,0.016602,1.005005,-0.244141,-0.061035,-0.12207,1.005156,14077.039999999994,14166.080000000002,0.2781249892503571,0.0008860400537188,0.0006066799999999,0.0006171856,CLEAN,CLEAN,0,,
70952,102931,117639,0.004883,0.015503,1.005249,-0.244141,0.0,-0.061035,1.00538,9458.600000000006,10029.880000000005,0.2646084680556367,0.0006712123695738,0.00039228,0.0006203168,CLEAN,CLEAN,0,,
71111,102969,117471,0.004272,0.014648,1.006348,-0.183105,0.0,-0.12207,1.006463,4694.160000000004,6007.360000000001,0.252862955688613,0.0015547870212302,0.0007492800000001,0.00060432,CLEAN,CLEAN,0,,
71272,102841,117589,0.003418,0.013916,1.004761,-0.183105,0.0,-0.12207,1.004863,860.8000000000029,2008.0,0.2425561063482318,0.0015547870212302,0.0008648799999999,0.0006311328,CLEAN,CLEAN,0,,
71433,102848,117599,0.003662,0.015259,1.005615,-0.244141,0.0,-0.061035,1.005738,-48.55999999999767,-14.75999999999476,0.2334102599093076,0.0015547870212302,5.5959999999855015e-05,0.0005545872,CLEAN,CLEAN,0,,
71594,102814,117644,0.003784,0.015991,1.005005,-0.305176,0.0,-0.061035,1.005139,-74.9600000000064,-49.19999999999709,0.2252255763132201,0.0010852121451793,0.0005511600000001,0.0005608256,CLEAN,CLEAN,0,,
71753,102793,117731,0.004028,0.014893,1.005127,-0.305176,0.0,-0.12207,1.005245,-53.88000000000466,-51.44000000000233,0.2178477511005115,0.0007886918966307,0.00047912,0.0005692288,CLEAN,CLEAN,0,,
71914,102814,117973,0.003174,0.015991,1.006226,-0.244141,0.061035,-0.061035,1.006358,132.08000000000175,-15.75999999999476,0.2111617926413998,0.002185397570777,0.00064328,0.0005536336,CLEAN,CLEAN,0,,
72075,102878,117948,0.003906,0.015869,1.005737,-0.244141,0.0,-0.12207,1.00587,68.19999999999709,67.80000000000291,0.2050527714773805,0.002185397570777,0.0001553199999999,0.0005361024,CLEAN,CLEAN,0,,
72234,102785,118039,0.003784,0.014893,1.006104,-0.244141,0.0,-0.061035,1.006221,117.24000000000524,-5.039999999993597,0.1994481106955463,0.002185397570777,0.0005304800000001,0.0005163968,CLEAN,CLEAN,1,,
72395,102796,117972,0.00415,0.015137,1.005005,-0.244141,0.0,-0.12207,1.005127,10.720000000001164,21.60000000000582,0.1942750564543917,0.0008164301635955,0.00058636,0.0004795792,CLEAN,CLEAN,0,,
72556,102695,117949,0.003784,0.015625,1.005371,-0.305176,0.0,-0.12207,1.0055,-50.919999999998254,-59.80000000000291,0.1894828653181295,0.0008164301635955,0.0002229600000001,0.000470544,CLEAN,CLEAN,0,,
72716,102700,118052,0.004272,0.015381,1.005615,-0.305176,0.0,-0.061035,1.005742,13.24000000000524,-38.08000000000175,0.1850319812716542,0.0009170831413871,3.5400000000240794e-05,0.0004612288,CLEAN,CLEAN,0,,
72877,102726,118210,0.004272,0.015747,1.006104,-0.244141,0.0,-0.061035,1.006236,133.24000000000524,6.240000000005239,0.1808862303914659,0.001403716591397,0.0004355599999998,0.0004758608,CLEAN,CLEAN,1,0.6429999999999971,93.3125972006225
73036,102708,118021,0.005493,0.016235,1.005859,-0.305176,0.061035,-0.12207,1.006005,-76.75999999999476,8.160000000003492,0.1769998913892849,0.0016758760043285,0.00021876,0.0004270704,CLEAN,CLEAN,0,,
73197,102657,118203,0.004028,0.015381,1.005981,-0.305176,0.061035,-0.061035,1.006107,73.55999999999767,-18.67999999999301,0.0385705354650392,0.0016758760043285,0.0003451599999999,0.00042724,CLEAN,CLEAN,0,,
73358,102659,118196,0.004517,0.015137,1.005981,-0.244141,0.0,-0.12207,1.006105,41.36000000000058,4.19999999999709,0.0037080006832269,0.0016758760043285,0.0003026799999998,0.0003909376,CLEAN,CLEAN,0,,
73517,102663,118294,0.003662,0.015503,1.005981,-0.244141,0.0,-0.061035,1.006108,112.47999999999593,28.919999999998254,0.0032723333961972,0.001559177645162,0.0002613599999998,0.000399656,CLEAN,CLEAN,0,,
73678,102657,118414,0.004517,0.015381,1.005615,-0.244141,0.061035,-0.12207,1.005743,205.39999999999415,42.75999999999476,0.0030155126746331,0.0010188064885747,0.0001380399999999,0.000365176,CLEAN,CLEAN,0,,
73839,102663,118448,0.004395,0.015869,1.005615,-0.305176,0.0,-0.061035,1.00575,212.7599999999948,67.60000000000582,0.0029214418201485,0.0010188064885747,0.00019472,0.0003675616,CLEAN,CLEAN,1,0.9620000000000033,62.37006237006216
73999,102573,118284,0.004395,0.015503,1.005859,-0.244141,0.0,-0.061035,1.005988,41.63999999999942,0.3600000000005821,0.0028575665454614,0.0013912476946856,9.21600000001188e-05,0.00036776,CLEAN,CLEAN,0,,
74160,102594,118393,0.003296,0.015747,1.004639,-0.244141,-0.061035,-0.12207,1.004768,138.91999999999825,48.60000000000582,0.0028208065165389,0.0013912476946856,0.0011274399999998,0.0003930528,CLEAN,CLEAN,0,,
74320,102576,118385,0.003784,0.015259,1.006226,-0.305176,0.061035,-0.061035,1.006348,128.36000000000058,55.479999999995925,0.0027663505237073,0.0013912476946856,0.0004861999999998,0.0004071584,CLEAN,CLEAN,0,,
74479,102568,118455,0.004883,0.015869,1.005737,-0.244141,0.0,-0.12207,1.005874,188.47999999999595,74.11999999999534,0.0027564404936223,0.0009243416991062,3.255999999995929e-05,0.0004014064,CLEAN,CLEAN,0,,
74641,102559,118493,0.00415,0.015747,1.00647,-0.305176,0.0,-0.061035,1.006601,213.47999999999595,88.39999999999418,0.0027430282832111,0.0005932207411666,0.0007038000000001,0.000408464,CLEAN,CLEAN,0,,
74801,102527,118517,0.00293,0.015015,1.005615,-0.244141,0.061035,-0.12207,1.005732,235.67999999999304,79.52000000000407,0.0027257793347601,0.0005932207411666,0.00016524,0.0003908064,CLEAN,CLEAN,1,0.9619999999999997,62.370062370062385
74960,102433,118164,0.004639,0.016235,1.004883,-0.305176,-0.061035,-0.12207,1.005025,-108.27999999999884,16.44000000000233,0.0026162049417449,0.0029890490725649,0.0008233599999998,0.0004080496,CLEAN,CLEAN,0,,
75121,102365,118263,0.003174,0.014893,1.005737,-0.244141,0.0,-0.12207,1.005853,-9.279999999998836,-21.44000000000233,0.0023821271189646,0.0029890490725649,2.5120000000100617e-05,0.0003790832,CLEAN,CLEAN,0,,
75282,102319,118219,0.003784,0.016235,1.005737,-0.366211,0.061035,-0.12207,1.005875,-47.320000000006985,-38.60000000000582,0.0021856200229845,0.0029890490725649,6.20000000000065e-05,0.000346968,CLEAN,CLEAN,0,,
75443,102330,118271,0.003662,0.015869,1.006714,-0.305176,0.061035,-0.12207,1.006846,7.759999999994761,1.9600000000064028,0.0019596506691846,0.0008380637375407,0.0010375199999999,0.0003862304,CLEAN,CLEAN,0,,
75603,102318,118321,0.005005,0.015991,1.005859,-0.244141,0.0,-0.061035,1.005999,63.72000000000117,19.0,0.0017263449536754,0.0004400011101566,0.0002092399999999,0.0003725536,CLEAN,CLEAN,0,,
75762,102322,118397,0.002808,0.015503,1.006714,-0.305176,0.0,-0.061035,1.006837,160.8000000000029,52.83999999999651,0.00153361313368,0.0006427863638624,0.00099304,0.0003931104,CLEAN,CLEAN,1,0.9609999999999985,62.43496357960468
75923,102245,118151,0.004761,0.015503,1.005005,-0.244141,0.0,-0.12207,1.005136,-62.39999999999418,12.679999999993017,0.0014710917896575,0.0020804726833936,0.0006783599999999,0.0003945136,CLEAN,CLEAN,0,,
76084,102197,118241,0.003296,0.015381,1.005737,-0.244141,0.12207,-0.061035,1.00586,47.88000000000466,-1.9600000000064028,0.0013766920107413,0.0020804726833936,5.588000000011917e-05,0.000390536,CLEAN,CLEAN,0,,
76243,102163,118103,0.004028,0.015747,1.005249,-0.305176,0.0,-0.061035,1.00538,-66.36000000000058,0.9600000000064028,0.0013508846285535,0.0020804726833936,0.0004730400000001,0.0003882384,CLEAN,CLEAN,0,,
76404,102130,118219,0.003906,0.016479,1.006104,-0.305176,0.0,-0.12207,1.006246,74.67999999999302,4.600000000005821,0.0012570520161857,0.0011669535004546,0.0004218799999999,0.0003816592,CLEAN,CLEAN,0,,
76565,102113,118274,0.004395,0.016113,1.005127,-0.244141,0.0,-0.183105,1.005266,156.8399999999965,25.360000000000586,0.0011256757110873,0.0011669535004546,0.0005433999999999,0.0003944768,CLEAN,CLEAN,1,0.8030000000000008,74.71980074719794
76726,102122,118097,0.003662,0.015625,1.005615,-0.366211,0.061035,-0.12207,1.005743,14.160000000003492,73.0,0.0011008689876662,0.0014964324036965,4.147999999992713e-05,0.0003947199999999,CLEAN,CLEAN,0,,
76885,101953,117984,0.003906,0.015747,1.004883,-0.305176,0.0,-0.12207,1.005014,-58.0399999999936,-53.08000000000175,0.0012058911044194,0.0014964324036965,0.0007855199999999,0.0004087183999999,CLEAN,CLEAN,0,,
77046,101955,118021,0.004028,0.015137,1.005371,-0.366211,0.061035,-0.061035,1.005493,9.479999999995924,-12.440000000002328,0.0012058911044194,0.0014964324036965,0.0003408,0.0004135999999999,CLEAN,CLEAN,0,,
77207,101936,118054,0.00354,0.015137,1.005615,-0.183105,-0.061035,-0.12207,1.005735,78.72000000000116,7.520000000004074,0.0012567071546454,0.0009554225216593,5.527999999999089e-05,0.0004020047999999,CLEAN,CLEAN,0,,
77367,101920,118119,0.004272,0.015747,1.005859,-0.244141,0.061035,-0.12207,1.005992,177.75999999999476,29.919999999998254,0.0012761714901672,0.0005496213362664,0.00021668,0.0003985648,CLEAN,CLEAN,0,,
77528,101937,118145,0.004517,0.016602,1.005493,-0.244141,-0.061035,-0.12207,1.00564,238.47999999999595,87.27999999999884,0.0012903361602294,0.0005496213362664,0.0001013199999999,0.0003921632,CLEAN,CLEAN,1,0.963000000000001,62.3052959501557
77687,101911,117887,0.003906,0.016357,1.006958,-0.305176,0.0,-0.12207,1.007098,29.520000000004075,100.47999999999593,0.001402816132626,0.0021820728338698,0.0013374800000001,0.0004401408,CLEAN,CLEAN,0,,
77848,101742,117878,0.004395,0.015381,1.004883,-0.305176,0.061035,-0.12207,1.00501,73.9600000000064,-21.520000000004075,0.0014760470327863,0.0021820728338698,0.00069216,0.0004600384,CLEAN,CLEAN,0,,
78009,101739,117777,0.003662,0.014893,1.005615,-0.305176,0.0,-0.12207,1.005732,19.919999999998254,17.880000000004657,0.0016437644696921,0.0021820728338698,9.119999999862571e-06,0.0004567167999999,CLEAN,CLEAN,0,,
78169,101671,117799,0.00415,0.015747,1.005859,-0.244141,-0.061035,-0.12207,1.005991,90.60000000000582,-6.759999999994761,0.0017335540419706,0.0008545336649036,0.0002299199999999,0.000420816,CLEAN,CLEAN,0,,
78330,101660,117759,0.004028,0.015747,1.005493,-0.244141,0.0,-0.061035,1.005625,92.83999999999652,23.520000000004075,0.0018230641906518,0.0008545336649036,0.0001845600000001,0.0004087504,CLEAN,CLEAN,0,,
78489,101624,117776,0.004028,0.015991,1.005371,-0.305176,0.0,-0.061035,1.005506,153.8000000000029,28.0,0.0018403532452252,0.0003385689637893,0.00028344,0.0004187856,CLEAN,CLEAN,1,0.9609999999999985,62.43496357960468
78650,101593,117635,0.003662,0.015015,1.005859,-0.305176,0.0,-0.061035,1.005978,74.75999999999476,36.16000000000349,0.0018903625319235,0.0011940769717259,0.00019432,0.0003984064,CLEAN,CLEAN,0,,
78811,101454,117497,0.003296,0.015625,1.005981,-0.244141,-0.061035,-0.061035,1.006108,-6.039999999993597,-54.75999999999476,0.0019784179040978,0.0011940769717259,0.0003245599999999,0.0004047792,CLEAN,CLEAN,0,,
78971,101467,117401,0.003906,0.016602,1.005737,-0.305176,0.0,-0.061035,1.005882,-45.24000000000524,-1.0,0.0022430867800233,0.0011940769717259,0.0001075199999998,0.0003761456,CLEAN,CLEAN,0,,
79130,101391,117357,0.004517,0.015259,1.004639,-0.305176,-0.061035,-0.12207,1.004765,-35.0399999999936,-35.11999999999534,0.0024554826703601,0.0011690750176801,0.0009856400000001,0.0004145664,CLEAN,CLEAN,0,,
79291,101359,117368,0.004517,0.015503,1.005371,-0.244141,0.0,-0.12207,1.005501,29.320000000006985,-28.119999999995343,0.002621613166469,0.0008134799043347,0.0002152799999999,0.0004206976,CLEAN,CLEAN,0,,
79452,101321,117403,0.003906,0.016113,1.005859,-0.244141,-0.061035,0.0,1.005996,116.08000000000176,-28.55999999999767,0.0027072033386141,0.0003729594877842,0.0002849599999998,0.0003905952,CLEAN,CLEAN,1,0.963000000000001,62.3052959501557
79613,101338,117095,0.00354,0.015869,1.006348,-0.427246,0.061035,-0.12207,1.006479,-132.1999999999971,26.0399999999936,0.002935107555185,0.0026133258576375,0.0007689599999998,0.0004129839999999,CLEAN,CLEAN,0,,
79772,101147,117061,0.004028,0.015625,1.005249,-0.244141,0.0,-0.12207,1.005378,-104.19999999999708,-120.27999999999884,0.0030723011816207,0.0026133258576375,0.0002491999999998,0.0003832303999999,CLEAN,CLEAN,0,,
79932,101185,116977,0.003296,0.015747,1.005981,-0.305176,0.0,-0.061035,1.00611,-123.08000000000176,-44.9600000000064,0.0033127708469523,0.0026133258576375,0.0004242,0.0003730639999999,CLEAN,CLEAN,0,,
80093,101113,117024,0.004639,0.015747,1.006226,-0.244141,0.0,-0.061035,1.006359,-16.119999999995343,-77.24000000000524,0.0034230481292134,0.0007133329053335,0.0006426399999999,0.0003965343999999,CLEAN,CLEAN,0,,
80253,101131,117047,0.003662,0.015259,1.00647,-0.366211,-0.061035,-0.12207,1.006592,61.44000000000233,-24.919999999998254,0.0035269416006727,0.0007133329053335,0.0008754799999999,0.0004126319999999,CLEAN,CLEAN,0,,
80414,101118,117120,0.005249,0.015137,1.005615,-0.305176,-0.061035,-0.12207,1.005743,182.1999999999971,-6.080000000001746,0.0035044266692192,0.0006206311393597,4.572000000013787e-05,0.0003975855999999,CLEAN,CLEAN,1,0.9619999999999997,62.370062370062385
80575,101134,116725,0.00415,0.014771,1.005005,-0.244141,0.0,-0.12207,1.005122,-162.72000000000116,38.0,0.0036263789851555,0.0033599795304943,0.00056524,0.0003984591999999,CLEAN,CLEAN,0,,
80734,100920,116667,0.003906,0.015137,1.005615,-0.305176,0.0,-0.183105,1.005737,-163.32000000000698,-142.32000000000698,0.0038019679598417,0.0033599795304943,4.956000000011507e-05,0.0003987823999999,CLEAN,CLEAN,0,,
80895,100934,116564,0.004883,0.016724,1.004639,-0.244141,0.0,-0.061035,1.00479,-217.27999999999884,-102.60000000000582,0.0040237053758593,0.0033599795304943,0.0008783999999999,0.0004024975999999,CLEAN,CLEAN,0,,
81056,100908,116666,0.003784,0.016113,1.004761,-0.305176,0.0,0.0,1.004897,-70.39999999999418,-100.44000000000231,0.0041018204395567,0.000876996998797,0.0007859600000001,0.0004203039999999,CLEAN,CLEAN,0,,
81217,100961,116720,0.004028,0.014648,1.004761,-0.244141,0.0,-0.12207,1.004876,21.80000000000291,-25.080000000001743,0.0040823417293512,0.000876996998797,0.0009000399999998,0.0004540943999999,CLEAN,CLEAN,0,,
81376,100981,116825,0.004395,0.015137,1.005737,-0.183105,0.0,-0.12207,1.005861,161.0399999999936,15.559999999997672,0.0039283937329275,0.0008952404922901,7.519999999994198e-05,0.0004484351999999,CLEAN,CLEAN,0,,
81537,100997,116652,0.00354,0.015259,1.005493,-0.305176,0.061035,-0.061035,1.005615,38.919999999998254,47.36000000000058,0.0037639689585421,0.0014757667162569,0.0001565999999999,0.0004506463999999,CLEAN,CLEAN,0,,
81698,100794,116337,0.004761,0.016357,1.004883,-0.366211,0.0,-0.061035,1.005027,-238.67999999999304,-132.39999999999418,0.0038697177821382,0.0026885116058351,0.0007392800000001,0.0004267183999999,CLEAN,CLEAN,0,,
81857,100809,116250,0.003418,0.015625,1.006348,-0.305176,0.0,-0.12207,1.006475,-215.67999999999304,-103.24000000000524,0.0039585955854009,0.0026885116058351,0.00070824,0.0004273615999999,CLEAN,CLEAN,0,,
82017,100746,116278,0.004883,0.016602,1.006348,-0.244141,0.0,-0.061035,1.006496,362.2799999999989,-121.55999999999769,0.004009365517866,0.0026885116058351,0.0008226399999999,0.0004599023999999,CLEAN,CLEAN,0,,
82178,100813,116435,0.004028,0.015991,1.005859,-0.305176,-0.061035,-0.12207,1.005995,1084.6399999999994,76.11999999999534,0.0039019101794462,0.0013420459755887,0.0003908399999998,0.0004663391999999,CLEAN,CLEAN,0,,
82339,100864,116565,0.003418,0.016357,1.005005,-0.244141,-0.061035,-0.061035,1.005144,1670.9600000000064,395.3600000000006,0.0037121078472536,0.0013420459755887,0.0003625199999999,0.0004734575999999,CLEAN,CLEAN,0,,
82500,100922,116524,0.00415,0.015503,1.005127,-0.244141,0.0,-0.061035,1.005255,2128.1600000000035,675.4400000000023,0.0034612005747093,0.0013420459755887,0.0002476799999999,0.0004720271999999,CLEAN,CLEAN,0,,
82659,100751,116200,0.00293,0.015503,1.005859,-0.244141,0.0,-0.12207,1.005983,2326.9199999999983,662.5200000000041,0.0033881165647205,0.0027732526967314,0.00045124,0.0004823039999999,CLEAN,CLEAN,0,,
82820,100811,116271,0.004883,0.015991,1.005493,-0.305176,0.0,-0.12207,1.005632,2906.0,900.5200000000041,0.0033019917843862,0.0027732526967314,9.959999999997748e-05,0.0004733055999999,CLEAN,CLEAN,0,,
82981,100763,116279,0.003906,0.016479,1.006104,-0.305176,0.0,-0.061035,1.006246,3374.240000000005,1062.6399999999994,0.0032178690595036,0.0027732526967314,0.00066512,0.0004956095999999,CLEAN,CLEAN,0,,
83140,100832,116402,0.004272,0.015869,1.006958,-0.305176,0.0,-0.061035,1.007092,4041.1199999999953,1316.479999999996,0.0030681591198637,0.0010540008329177,0.00147688,0.0005152591999999,CLEAN,CLEAN,0,,
83301,100843,116512,0.003662,0.015747,1.005615,-0.366211,-0.061035,-0.12207,1.005745,4650.639999999999,1539.800000000003,0.0028393857980722,0.0010540008329177,6.603999999987842e-05,0.0005092895999999,CLEAN,CLEAN,0,,
83462,100926,116131,0.003662,0.016846,1.005493,-0.305176,0.0,-0.061035,1.005641,4518.919999999998,1717.8800000000049,0.002658506708394,0.0032672149642218,1.2520000000071365e-05,0.0004983919999999,CLEAN,CLEAN,0,,
83621,100757,116160,0.003052,0.015259,1.006226,-0.305176,0.061035,-0.12207,1.006346,4861.240000000005,1600.1600000000035,0.0026234142615607,0.0032672149642218,0.0006773199999998,0.0004947263999999,CLEAN,CLEAN,0,,
83782,100793,114311,0.004883,0.016113,1.005249,-0.427246,0.0,-0.061035,1.00539,3330.119999999996,1737.8800000000049,0.0045822636873934,0.0158759215590378,0.00033732,0.0004982512,CLEAN,CLEAN,0,,
83943,100068,103228,0.00354,0.014648,1.003662,-0.305176,0.061035,-0.061035,1.003775,-7438.360000000001,1134.0,0.023245393981614,0.0956125709265317,0.0019377199999999,0.0005587919999999,CLEAN,CLEAN,0,,
84104,97846,102890,0.005005,0.01416,1.004517,-0.244141,0.061035,-0.061035,1.004629,-7284.399999999994,-1051.800000000003,0.0323744710500742,0.0956125709265317,0.00105324,0.000575216,NOISY,NOISY,0,,
84263,94425,105639,0.003174,0.015381,1.004028,-0.427246,0.0,-0.061035,1.004151,-4177.919999999998,-4345.440000000002,0.0364501563045824,0.0956125709265317,0.0014969199999999,0.0006000736,NOISY,NOISY,0,,
84424,95566,104665,0.005371,0.016724,1.005493,-0.12207,-0.061035,-0.12207,1.005647,-4704.320000000007,-3087.0800000000017,0.0404700768829207,0.0239263933969072,3.4520000000037854e-05,0.0005996255999999,NOISY,NOISY,0,,
84584,97182,103656,0.002686,0.014771,1.005737,-0.183105,-0.061035,-0.061035,1.005849,-5331.240000000005,-1374.2799999999988,0.04454375270852,0.0239263933969072,0.0001722400000001,0.0005839056,NOISY,NOISY,0,,
84745,96470,103965,0.00415,0.016113,1.005615,-0.366211,0.0,-0.061035,1.005753,-4736.119999999995,-2032.2400000000048,0.0476866816967421,0.0088607421525789,9.57199999997993e-05,0.0005857519999999,NOISY,NOISY,0,,
84904,95681,105058,0.004028,0.016479,1.005859,-0.183105,-0.061035,-0.12207,1.006002,-3355.279999999999,-2758.1600000000035,0.0496728613862493,0.0096807255956259,0.00037408,0.0005655791999999,NOISY,NOISY,0,,
85066,96287,103069,0.003662,0.016235,1.005615,-0.305176,-0.061035,-0.183105,1.005753,-5048.639999999999,-2098.520000000004,0.0523404576631953,0.0177018905512309,0.0001449999999998,0.0005399407999999,NOISY,NOISY,0,,
85225,95653,104232,0.004517,0.015137,1.006348,-0.305176,0.0,-0.061035,1.006472,-3408.1600000000035,-2636.9600000000064,0.0538519556662336,0.0177018905512309,0.0009318400000002,0.0005412127999999,NOISY,NOISY,0,,
85386,98604,110593,0.00415,0.013428,1.005127,-0.244141,0.0,0.12207,1.005225,3360.8399999999965,421.5200000000041,0.0532050649245403,0.0569920388545756,0.0003343200000001,0.0005515776,NOISY,NOISY,0,,
85547,99715,108819,0.003296,0.016113,1.005859,-0.183105,0.0,-0.12207,1.005994,1926.7599999999948,1637.6399999999994,0.0527189343854136,0.0569920388545756,0.0004165600000001,0.000561976,NOISY,NOISY,0,,
85706,98251,108390,0.004028,0.016602,1.006348,-0.305176,-0.061035,-0.061035,1.006493,1727.479999999996,239.60000000000585,0.0522439952816606,0.0569920388545756,0.0009205999999999,0.0005692288,NOISY,NOISY,0,,
85867,97781,108387,0.004639,0.015381,1.005981,-0.244141,0.0,-0.12207,1.00611,1889.5599999999977,-168.55999999999767,0.0516235544442135,0.015939081441698,0.0004891599999998,0.0005604655999999,NOISY,NOISY,0,,
86028,99841,103979,0.00354,0.015015,1.005615,-0.305176,0.0,-0.12207,1.005734,-2864.479999999996,1900.8800000000049,0.0520911657547187,0.0400092943551315,6.240000000268253e-06,0.0005278096,NOISY,NOISY,0,,
86188,97629,107498,0.00415,0.015747,1.005005,-0.244141,-0.061035,-0.12207,1.005137,309.3999999999942,-408.7200000000012,0.0510830227605999,0.0400092943551315,0.0006674800000001,0.0005388752,NOISY,NOISY,0,,
86349,97930,105375,0.003296,0.015503,1.005859,-0.244141,0.0,-0.061035,1.005984,-1432.0,-342.6399999999994,0.0502348451080005,0.0400092943551315,8.151999999994608e-05,0.0005276352,NOISY,NOISY,0,,
86508,98502,106972,0.004028,0.015747,1.005005,-0.244141,0.061035,-0.12207,1.005136,215.67999999999304,213.1999999999971,0.0486729767587612,0.0320442423626523,0.0007859599999999,0.0005491664,NOISY,NOISY,0,,
86669,99400,109047,0.003418,0.015503,1.005371,-0.366211,0.0,-0.12207,1.005496,2463.720000000001,1265.6000000000058,0.0468069405430834,0.0194112937705016,0.0004020800000001,0.0005472,NOISY,NOISY,0,,
86830,99234,109075,0.004395,0.015991,1.004761,-0.244141,0.0,-0.061035,1.004898,2482.720000000001,1116.479999999996,0.044637972363788,0.0190890397449446,0.0010007999999999,0.000583248,NOISY,NOISY,0,,
86991,99422,108888,0.004761,0.015625,1.005615,-0.183105,0.0,-0.12207,1.005748,2432.9199999999983,1246.0800000000015,0.0421419336957766,0.0190890397449446,0.0001799199999998,0.00056384,NOISY,NOISY,0,,
87151,98443,104465,0.00354,0.016846,1.005249,-0.305176,0.061035,-0.061035,1.005396,-1759.800000000003,334.4400000000023,0.0396536035117745,0.0410906115338364,0.00055136,0.0005268192,NOISY,NOISY,0,,
87310,98156,106312,0.00415,0.015015,1.006104,-0.366211,0.061035,-0.12207,1.006224,271.5200000000041,192.24000000000524,0.0359234991123214,0.0410906115338364,0.0003157600000001,0.000536808,NOISY,NOISY,0,,
87471,98298,107633,0.001221,0.015015,1.005981,-0.366211,0.0,0.0,1.006094,1936.6000000000056,430.1600000000035,0.0316226671203043,0.0410906115338364,0.00015976,0.0005426976,NOISY,NOISY,0,,
87632,99108,110417,0.005249,0.014404,1.006104,-0.12207,0.0,4.089355,1.00622,4967.119999999995,1373.0800000000015,0.0270260363798887,0.0261010146769455,0.0003055199999999,0.0005278256,NOISY,NOISY,0,,
87793,99247,110184,0.00415,0.015747,1.00647,-0.305176,0.0,0.732422,1.006601,5078.199999999997,1596.199999999997,0.0236815433524814,0.0261010146769455,0.0006966399999999,0.0005421984,NOISY,NOISY,0,,
87952,99832,111879,0.004517,0.017822,1.006592,-0.305176,0.12207,2.197266,1.00676,7090.559999999998,2249.800000000003,0.0247579214736067,0.0261010146769455,0.0008455599999999,0.000498512,NOISY,NOISY,0,,
88112,100286,111518,0.005249,0.015381,1.006104,-0.305176,-0.061035,0.854492,1.006235,7350.479999999996,3116.3600000000006,0.0249153837252377,0.0158643278934755,0.0003001199999999,0.0004683872,NOISY,NOISY,0,,
88273,100298,96099,0.003662,0.015869,1.00647,-0.244141,0.0,-0.12207,1.006601,-7583.080000000002,3603.720000000001,0.0324396892342776,0.1443631971687249,0.00061252,0.0004330112,NOISY,NOISY,0,,
88433,95970,103398,0.004395,0.016968,1.005981,-0.305176,0.12207,0.0,1.006134,-99.11999999999534,-684.6399999999994,0.0328452563119281,0.1443631971687249,0.0001507199999999,0.0004376592,NOISY,NOISY,0,,
88594,93322,99330,0.003296,0.015503,1.005127,-0.244141,-0.12207,-0.12207,1.005252,-3961.199999999997,-3278.0800000000017,0.0353071959128815,0.1443631971687249,0.0007700800000001,0.0004615728,NOISY,NOISY,0,,
88755,96048,104190,0.004028,0.017212,1.005615,-0.244141,0.061035,-0.610352,1.005771,1140.0399999999936,-469.7200000000012,0.0352454960535278,0.0683706594607232,0.00024712,0.0004676288,NOISY,NOISY,0,,
88914,97141,101628,0.004272,0.016113,1.006592,-0.305176,0.0,-0.061035,1.00673,-1077.199999999997,791.7200000000012,0.0364097830097329,0.0455942963223978,0.0006875999999997,0.0004801696,NOISY,NOISY,0,,
89075,94603,97312,0.004028,0.015991,1.006104,-0.244141,0.061035,-0.061035,1.006239,-4943.479999999996,-1483.479999999996,0.039910929802802,0.0455942963223978,0.0002304000000001,0.0004835856,NOISY,NOISY,0,,
89236,92033,99624,0.005005,0.014893,1.005371,-0.366211,0.0,-0.12207,1.005494,-2197.800000000003,-3732.720000000001,0.0417374190886842,0.0406308131434467,0.0004997199999998,0.0004663008,NOISY,NOISY,0,,
89397,96206,101991,0.003662,0.016235,1.005737,-0.244141,0.0,-0.12207,1.005875,498.1600000000035,769.7200000000012,0.0415474989536194,0.0406308131434467,4.228000000017218e-05,0.0004546192,NOISY,NOISY,0,,
89556,96392,102656,0.004761,0.015381,1.005371,-0.366211,0.061035,-0.061035,1.0055,1440.4400000000023,1093.7599999999948,0.0415533849129094,0.0223943294189773,0.0003446,0.0004517408,NOISY,NOISY,0,,
89717,96148,99788,0.003174,0.016235,1.006104,-0.305176,0.0,-0.061035,1.00624,-1155.0,974.1999999999972,0.0426045650153385,0.0272867910239016,0.000434,0.0004322768,NOISY,NOISY,0,,
89878,96066,100453,0.003784,0.016113,1.006226,-0.244141,0.0,-0.12207,1.006362,-240.39999999999415,946.479999999996,0.0431033558339434,0.0272867910239016,0.0005903199999999,0.0004363232,NOISY,NOISY,0,,
90037,89527,88456,0.003052,0.016602,1.006104,-0.305176,0.061035,-0.12207,1.006245,-11893.0,-5493.199999999997,0.0535246195918757,0.1151702565252585,0.00055304,0.0004581952,NOISY,NOISY,0,,
90198,85745,95362,0.004395,0.015503,1.006348,-0.183105,0.0,-0.12207,1.006477,-4725.600000000006,-9159.559999999998,0.0559149325609065,0.1151702565252585,0.00078532,0.0004629087999999,NOISY,NOISY,0,,
90359,96939,100751,0.003052,0.015015,1.005737,-0.244141,-0.061035,-0.12207,1.005854,341.0399999999936,2154.4400000000023,0.0561836976338408,0.1151702565252585,0.0001874400000001,0.0004671456,NOISY,NOISY,0,,
90519,97138,101824,0.003784,0.015381,1.005981,-0.305176,-0.061035,-0.12207,1.006106,1444.679999999993,2324.8800000000047,0.0559360553020461,0.0666074600355239,0.0004596799999998,0.0004540944,NOISY,NOISY,0,,
90680,97341,103016,0.003052,0.016968,1.005249,-0.305176,-0.061035,-0.061035,1.005397,2393.3600000000006,2409.8800000000047,0.0548462289955895,0.0520690817290374,0.0003176799999999,0.0004507183999999,NOISY,NOISY,0,,
90839,95023,100456,0.003784,0.015991,1.005371,-0.305176,0.0,-0.061035,1.005505,-479.6399999999994,-65.63999999999942,0.053849672688723,0.0249257097011641,0.00018012,0.0004178911999999,NOISY,NOISY,0,,
91000,92852,97645,0.003174,0.016602,1.004761,-0.427246,-0.183105,-0.061035,1.004903,-3731.839999999997,-2379.5599999999977,0.0534313273838808,0.0274899692417462,0.0007863599999999,0.0004421488,NOISY,NOISY,0,,
91161,90424,93623,0.002808,0.016602,1.004883,-0.061035,0.0,-0.061035,1.005024,-7942.8399999999965,-5032.119999999995,0.0560379175109809,0.0395003820399953,0.00068956,0.0004476768,NOISY,NOISY,0,,
91320,89920,98088,0.000122,0.018066,1.00415,-0.488281,-0.549316,-0.732422,1.004313,-3562.0,-5650.080000000002,0.0558975133275745,0.0439932511495392,0.0014594000000001,0.0004934224,NOISY,NOISY,0,,
91481,94847,100701,0.001587,0.015869,1.00415,-0.305176,0.0,-0.244141,1.004277,-866.1600000000035,-823.2400000000052,0.0546174700059981,0.0439932511495392,0.0014752,0.00054604,NOISY,NOISY,0,,
91642,95997,103603,0.000977,0.015991,1.005127,-0.305176,0.12207,-0.12207,1.005255,2483.240000000005,564.4799999999959,0.0516594212159264,0.0439932511495392,0.0005020799999999,0.0005539024,NOISY,NOISY,0,,
91802,97890,103944,0.004517,0.015381,1.005615,-0.244141,0.061035,-0.12207,1.005743,2899.4400000000023,2775.7599999999948,0.0485964879582464,0.0287488978928702,3.0440000000186984e-05,0.0005272544,NOISY,NOISY,0,,
91963,97349,103269,0.001465,0.015991,1.004639,-0.427246,0.0,-0.12207,1.004767,2648.0,2102.9600000000064,0.0433051042854706,0.0287488978928702,0.0008591599999998,0.0005277984,NOISY,NOISY,0,,
92122,97395,104983,0.001587,0.015747,1.006104,-0.305176,0.0,-0.12207,1.006228,3875.4400000000014,1799.6399999999994,0.0380589757258901,0.0171249985013128,0.0006270399999999,0.0005408752,NOISY,NOISY,0,,
92283,97298,104158,0.001587,0.015015,1.005859,-0.244141,0.061035,-0.12207,1.005973,2684.320000000007,1312.9199999999985,0.0378310459385545,0.0171249985013128,0.0003714000000001,0.0005312304,NOISY,NOISY,0,,
92444,96684,102632,0.001831,0.016357,1.005493,-0.305176,0.244141,-0.12207,1.005628,1139.2400000000052,642.679999999993,0.037622618638334,0.0171249985013128,2.9559999999984043e-05,0.000526384,NOISY,NOISY,0,,
92603,96272,105413,0.001709,0.015747,1.006836,-0.183105,0.244141,-0.061035,1.006961,4255.880000000005,291.4400000000023,0.0387591805060923,0.0276379152842739,0.00131348,0.00054812,NOISY,NOISY,0,,
92765,99986,112015,0.00354,0.016968,1.004883,-0.366211,0.061035,-0.671387,1.005032,10846.320000000009,4118.279999999999,0.0442911192010733,0.0654080164350273,0.00064736,0.0005641296,NOISY,NOISY,0,,
92924,100714,112658,0.003052,0.015381,1.006714,-0.244141,-0.061035,-0.488281,1.006836,11422.800000000005,4767.880000000005,0.0498006296454776,0.0654080164350273,0.001139,0.0005821856,NOISY,NOISY,0,,
93085,100217,102037,0.003296,0.015869,1.006714,-0.244141,0.0,-0.244141,1.006844,601.7599999999948,4132.119999999995,0.0490132142916863,0.1045725610106705,0.00110896,0.000617328,NOISY,NOISY,0,,
93245,94882,101728,0.002686,0.015869,1.006836,-0.427246,-0.12207,-0.061035,1.006965,31.75999999999476,-1443.8800000000049,0.0488109147765871,0.1045725610106705,0.0012208,0.0006461712,NOISY,NOISY,0,,
93406,98710,99920,0.001587,0.015503,1.005249,-0.366211,-0.183105,-0.12207,1.00537,-1628.8800000000049,2226.0,0.0489624279402928,0.1045725610106705,0.0004315199999997,0.0006617408,NOISY,NOISY,0,,
93567,90449,91471,0.001831,0.015991,1.005493,-0.244141,0.0,-0.061035,1.005622,-9236.119999999995,-5926.039999999994,0.0529973741684601,0.0835543913474478,0.00020412,0.0006561216,NOISY,NOISY,0,,
93726,88191,97908,0.002319,0.015503,1.005005,-0.12207,-0.061035,-0.12207,1.005127,-2412.1600000000035,-7995.919999999998,0.0533590271809502,0.0835543913474478,0.0007283199999998,0.0006678944,NOISY,NOISY,0,,
93887,99361,89864,0.002075,0.018555,1.004028,-0.244141,0.0,-0.305176,1.004202,-10466.160000000003,3387.4400000000023,0.0580151104597101,0.0835543913474478,0.0016734,0.0007112176,NOISY,NOISY,0,,
94048,98260,100620,0.001099,0.015625,1.005493,-0.183105,0.0,-0.183105,1.005615,210.24000000000524,2265.679999999993,0.052020529302994,0.1063817581988923,0.0003492000000002,0.000703064,NOISY,NOISY,0,,
94207,95488,104515,0.002075,0.016968,1.006348,-0.244141,-0.12207,-0.610352,1.006493,4303.279999999999,-477.7599999999948,0.0508574863236865,0.1063817581988923,0.0005384799999998,0.0006931904,NOISY,NOISY,0,,
94369,98345,101228,0.002319,0.023682,1.005493,-0.305176,0.0,-1.525879,1.005775,1149.0,2485.0,0.0508291873808581,0.1063817581988923,0.00014164,0.0006913584,NOISY,NOISY,0,,
94528,95619,93433,0.000977,0.016235,1.007202,-0.305176,-0.12207,-0.305176,1.007333,-6522.360000000001,-200.44000000000236,0.053416979430957,0.0770583425071809,0.00140672,0.00072924,NOISY,NOISY,0,,
94689,94520,103305,0.000244,0.013428,1.006104,-0.427246,0.061035,-0.427246,1.006193,3449.1600000000035,-1288.8399999999965,0.0534548597359319,0.0975796066529681,0.0002566399999999,0.0007267984,NOISY,NOISY,0,,
94850,96983,102119,0.00061,0.013184,1.005859,-0.244141,0.12207,-0.244141,1.005946,2844.119999999996,1342.520000000004,0.0534305632866848,0.0975796066529681,1.43200000000121e-05,0.0007201664,NOISY,NOISY,0,,
95009,96321,102646,0.000977,0.015259,1.005737,-0.305176,0.0,-0.12207,1.005854,4001.7599999999943,1070.8800000000049,0.0528714271010175,0.0975796066529681,4.844000000003845e-05,0.0006906496,NOISY,NOISY,0,,
95171,96449,100148,0.000977,0.015869,1.005127,-0.366211,0.0,-0.12207,1.005253,1666.800000000003,1408.9600000000064,0.050348667136108,0.0245633466881371,0.00055136,0.0006851216,NOISY,NOISY,0,,
95330,93873,94404,0.001831,0.016113,1.005615,-0.305176,0.0,-0.061035,1.005746,-2149.479999999996,-328.24000000000524,0.0519847515162029,0.0565638931714461,1.3959999999979544e-05,0.000627304,NOISY,NOISY,0,,
95491,92123,79657,0.0,0.016235,1.004761,-0.305176,0.0,-0.12207,1.004892,-16804.880000000005,-1366.1600000000035,0.0681248832628024,0.1464345321363574,0.0007968400000002,0.0006001696,NOISY,NOISY,0,,
95652,91294,93929,0.000122,0.015869,1.005859,-0.183105,0.0,-0.061035,1.005985,-3069.6399999999994,-2411.9600000000064,0.0694036227711641,0.1464345321363574,0.0003547999999999,0.0005942784,NOISY,NOISY,0,,
95812,92556,104194,0.001343,0.016846,1.006104,-0.183105,-0.061035,-0.549316,1.006245,7046.880000000005,-1498.4400000000023,0.0694525097969782,0.1464345321363574,0.0005802000000001,0.0006162688,NOISY,NOISY,0,,
95973,97868,105259,0.001953,0.017334,1.006836,-0.305176,0.0,-0.183105,1.006987,7629.240000000005,3958.0,0.0698574005951186,0.1422645258938981,0.0012607200000001,0.0006323312,NOISY,NOISY,0,,
96132,96681,100032,0.002441,0.015747,1.005859,-0.244141,0.0,-0.061035,1.005986,2410.0800000000017,2864.9600000000064,0.0693477575629183,0.1023122060206023,0.00018212,0.0006145344,NOISY,NOISY,0,,
96293,94654,100840,0.000366,0.016968,1.004883,-0.305176,0.0,-0.061035,1.005026,3346.199999999997,829.2400000000052,0.0689702814357441,0.0521595677631318,0.0007673999999999,0.0006303744,NOISY,NOISY,0,,
96453,95670,99541,0.001465,0.016235,1.005737,-0.305176,0.0,-0.12207,1.005869,2008.5599999999977,1909.800000000003,0.0688556940700617,0.0521595677631318,0.0001500399999998,0.0006351936,NOISY,NOISY,0,,
96614,96007,102925,-0.000732,0.016357,1.00708,-0.366211,0.061035,-0.12207,1.007213,5084.639999999999,2211.9600000000064,0.0682781936844192,0.0338888541721746,0.0015775199999998,0.0006457552,NOISY,NOISY,0,,
96775,95777,97491,0.001587,0.016602,1.005493,-0.244141,0.0,-0.061035,1.005631,-413.1600000000035,1919.3999999999944,0.0638713677874174,0.0547369082692419,2.847999999988637e-05,0.000621,NOISY,NOISY,0,,
96935,90955,96892,0.001343,0.016724,1.005249,-0.183105,-0.061035,-0.061035,1.005389,-1363.520000000004,-2984.0800000000017,0.0578505120125072,0.0547369082692419,0.0002008399999997,0.0005834735999999,NOISY,NOISY,0,,
97096,94965,97961,0.000366,0.015503,1.004272,0.061035,-0.244141,-0.12207,1.004392,-719.5599999999977,838.9199999999983,0.0575106082276104,0.0547369082692419,0.0011640800000001,0.0005856784,NOISY,NOISY,0,,
97255,73912,53535,0.00061,0.017456,1.005005,-0.183105,0.0,-0.061035,1.005157,-45700.08,-20416.160000000003,0.1095787536358173,0.4601180609958336,0.0004480799999999,0.0005547696,NOISY,NOISY,0,,
97417,80908,97630,0.000366,0.016724,1.00415,-0.183105,0.12207,-0.183105,1.00429,-2399.679999999993,-13732.64,0.1094706279848136,0.4601180609958336,0.0013200800000001,0.000590312,NOISY,NOISY,0,,
97576,95869,104890,0.001099,0.015991,1.004028,-0.427246,0.0,-0.12207,1.004156,3470.9600000000064,844.3600000000006,0.1096536381238677,0.4601180609958336,0.00148316,0.0006414736,NOISY,NOISY,0,,
97737,96903,101620,0.0,0.016357,1.005859,-0.305176,-0.061035,-0.183105,1.005992,-590.6000000000058,1470.4400000000023,0.1098881249386861,0.4571235808383581,0.0003385199999998,0.0006258816,NOISY,NOISY,0,,
97897,95750,101930,0.000854,0.015747,1.005615,-0.305176,0.061035,-0.244141,1.005739,-669.1199999999953,-42.24000000000524,0.1086230616822473,0.0748464102177102,0.00010032,0.0005629584,NOISY,NOISY,0,,
98058,95911,100424,0.00061,0.014771,1.007446,-0.244141,0.061035,-0.12207,1.007555,-2507.479999999996,-24.27999999999884,0.1086089364845054,0.0336602876132612,0.00199996,0.0006289888,NOISY,NOISY,0,,
98219,95706,101312,0.000366,0.015991,1.006104,-0.366211,-0.12207,-0.12207,1.006231,-2142.720000000001,-408.2799999999989,0.1080579908067054,0.0154268631471292,0.0006908000000001,0.0006350816,NOISY,NOISY,0,,
98379,96731,102194,0.000854,0.016113,1.003784,-0.366211,0.0,-0.183105,1.003914,-1781.0,350.7200000000012,0.1081794979221393,0.0154268631471292,0.00162572,0.0006944448,NOISY,NOISY,0,,
98538,96490,101131,0.001709,0.015381,1.005127,-0.244141,0.0,-0.061035,1.005246,-3429.320000000007,-125.75999999999476,0.1077133147021391,0.0108646370475333,0.0003081999999998,0.000650504,NOISY,NOISY,0,,
98699,96084,104900,0.000122,0.015503,1.005249,-0.183105,-0.061035,-0.305176,1.005369,-85.67999999999302,-747.2400000000052,0.108043673994986,0.0384968320038699,0.0001413600000002,0.0006458928,NOISY,NOISY,0,,
98860,99020,110903,0.001465,0.016479,1.005493,-0.305176,-0.061035,-0.12207,1.005629,5257.679999999993,1962.479999999996,0.1105864685250123,0.0610958040830683,9.880000000017652e-05,0.000649272,NOISY,NOISY,0,,
99021,100996,113272,0.000122,0.015991,1.004883,-0.366211,-0.061035,-0.366211,1.00501,6940.440000000002,3518.119999999996,0.1139618074840524,0.0610958040830683,0.00054996,0.0006693328,CLEAN,CLEAN,0,,
99181,101501,114011,0.001831,0.016113,1.006348,-0.244141,0.0,-0.12207,1.006478,7026.679999999993,3760.520000000004,0.1174535307163409,0.0610958040830683,0.0008447199999999,0.0006810672,CLEAN,CLEAN,0,,
99340,101685,114269,0.000977,0.016357,1.005737,-0.366211,0.0,-0.061035,1.005871,4851.160000000004,2838.320000000007,0.1198135962094554,0.0240067547245374,0.0002092799999999,0.00068888,CLEAN,CLEAN,0,,
99501,101723,114391,0.001343,0.015869,1.005493,-0.244141,0.0,-0.12207,1.005619,4297.720000000001,2049.240000000005,0.1136810150707135,0.0074469633117643,0.0001058399999998,0.00066124,CLEAN,CLEAN,0,,
99662,101492,113718,0.0,0.015381,1.006226,-0.244141,0.0,-0.061035,1.006343,3269.8800000000047,1596.9600000000064,0.114197439977503,0.0065844442748599,0.0006178399999998,0.0006717615999999,CLEAN,CLEAN,0,,
99823,101548,113907,0.000977,0.016602,1.005737,-0.305176,0.0,-0.061035,1.005875,2966.5599999999977,1475.320000000007,0.1159891205370918,0.0065844442748599,0.0001398000000001,0.0006541455999999,CLEAN,CLEAN,0,,
99982,101444,113568,0.000244,0.016479,1.004761,-0.244141,0.0,-0.061035,1.004896,2151.1600000000035,1149.7200000000012,0.1174785966508967,0.0065844442748599,0.0008151999999999,0.0006363247999999,CLEAN,CLEAN,0,,
100143,101156,113113,0.000488,0.015625,1.005493,-0.305176,0.0,-0.12207,1.005615,1151.479999999996,644.9199999999983,0.1183476234032732,0.0043980593635553,2.768000000008541e-05,0.0006301471999999,CLEAN,CLEAN,0,,
100304,101304,113847,-0.000854,0.016235,1.004883,-0.244141,-0.061035,-0.12207,1.005014,1372.2799999999988,566.1600000000035,0.1192902177778004,0.0070593892762683,0.0005801599999999,0.0006226575999999,CLEAN,CLEAN,0,,
100463,101557,114174,0.001099,0.015991,1.006104,-0.305176,0.0,-0.183105,1.006231,1215.7599999999948,632.4799999999959,0.1198338269216941,0.0070593892762683,0.00057864,0.0006398015999999,CLEAN,CLEAN,0,,
100624,101394,113559,0.000854,0.016479,1.005981,-0.244141,-0.061035,-0.366211,1.006117,101.16000000000348,272.679999999993,0.1205111022598528,0.0070593892762683,0.0004492799999999,0.000594672,CLEAN,CLEAN,0,,
100784,101434,113982,0.00061,0.01709,1.005981,-0.244141,-0.061035,-0.12207,1.006127,167.67999999999302,110.39999999999418,0.1199748729370143,0.0058579417688202,0.00043912,0.0006110976,CLEAN,CLEAN,0,,
100944,101464,114048,0.000488,0.017456,1.005981,-0.305176,0.0,-0.305176,1.006133,120.0399999999936,52.88000000000466,0.1189252845087672,0.0058579417688202,0.0004064799999998,0.0006193232,CLEAN,CLEAN,0,,
101106,101530,114280,0.000366,0.015625,1.006104,-0.366211,0.0,-0.305176,1.006225,322.4799999999959,110.55999999999769,0.1179292384987807,0.0040039634505342,0.0004784799999999,0.0005918992,CLEAN,CLEAN,0,,
101265,101567,114373,0.000366,0.016235,1.005737,-0.244141,0.0,-0.488281,1.005868,407.2799999999989,154.91999999999825,0.0550252976167065,0.0021685420816807,0.00019404,0.0005817376,CLEAN,CLEAN,0,,
101426,101585,114516,0.000122,0.016235,1.005737,-0.244141,0.061035,-0.366211,1.005868,542.8000000000029,183.24000000000524,0.0506281386626512,0.0021685420816807,0.00023328,0.0005382656,CLEAN,CLEAN,0,,
101587,101401,113761,-0.000366,0.016479,1.004028,-0.305176,0.061035,-0.305176,1.004164,-197.88000000000463,9.880000000004657,0.0498947461804359,0.0068357886037354,0.0015001599999999,0.0005389455999999,CLEAN,CLEAN,0,,
101746,101344,113928,0.000122,0.016724,1.006104,-0.305176,0.061035,-0.305176,1.006243,-42.72000000000117,-33.83999999999651,0.0471601374683971,0.0068357886037354,0.0006569600000001,0.0005516832,CLEAN,CLEAN,0,,
101907,101290,113840,-0.001099,0.016357,1.005005,-0.305176,0.061035,-0.183105,1.005139,-128.88000000000466,-74.32000000000698,0.0440654834922515,0.0068357886037354,0.0004220799999998,0.0005645536,CLEAN,CLEAN,0,,
102068,101331,114041,0.00061,0.014526,1.005737,-0.366211,0.0,-0.12207,1.005842,52.80000000000291,-22.19999999999709,0.0389805641382269,0.0017952596570678,0.0002366799999999,0.0004940224,CLEAN,CLEAN,0,,
102229,101375,114142,0.000122,0.016479,1.004883,-0.244141,-0.061035,-0.12207,1.005018,107.16000000000348,16.360000000000582,0.0335571340011796,0.0017952596570678,0.00059296,0.0004901087999999,CLEAN,CLEAN,0,,
102388,101398,114282,-0.000244,0.015503,1.005249,-0.305176,-0.061035,-0.061035,1.005369,221.55999999999767,37.919999999998254,0.0276205986894385,0.0017952596570678,0.0002856799999999,0.0004365071999999,CLEAN,CLEAN,1,,
102550,101410,113621,0.000122,0.016602,1.005493,-0.366211,-0.061035,-0.12207,1.00563,-423.3600000000006,60.39999999999418,0.0168712253897716,0.0058259526181707,2.392000000006611e-05,0.000425136,CLEAN,CLEAN,0,,
102709,101141,113812,0.000977,0.016479,1.005737,-0.305176,0.0,-0.12207,1.005873,-247.08000000000172,-196.63999999999945,0.0061213349669183,0.0058259526181707,0.0002822799999999,0.0004307727999999,CLEAN,CLEAN,0,,
102870,101208,113744,-0.000122,0.015869,1.00647,-0.244141,0.0,-0.12207,1.006595,-304.8399999999965,-116.27999999999884,0.0030276690917221,0.0058259526181707,0.00104872,0.0004687695999999,CLEAN,CLEAN,0,,
103031,101204,114011,0.0,0.016724,1.005371,-0.305176,0.0,-0.061035,1.00551,-29.0399999999936,-103.0399999999936,0.0027809159481459,0.0023429783308727,1.584000000010022e-05,0.0004474047999999,CLEAN,CLEAN,0,,
103190,101317,114216,0.000488,0.017212,1.004517,-0.305176,0.061035,-0.12207,1.004664,192.44000000000236,28.39999999999418,0.0028164069536464,0.0023429783308727,0.0008576799999999,0.0004479231999999,CLEAN,CLEAN,0,,
103352,101427,114456,0.000366,0.016113,1.004761,-0.244141,0.0,-0.061035,1.00489,443.3999999999942,156.75999999999476,0.002898726923804,0.0023429783308727,0.0006017199999999,0.0004636207999999,CLEAN,CLEAN,1,0.9640000000000057,62.24066390041457
103511,101457,114033,-0.000488,0.016113,1.006226,-0.244141,-0.061035,-0.12207,1.006355,59.80000000000291,203.0399999999936,0.0027999467335969,0.0037118651920762,0.0008823200000001,0.00049468,CLEAN,CLEAN,0,,
103672,101160,114014,0.000366,0.015381,1.004272,-0.244141,0.0,-0.183105,1.00439,50.44000000000233,-71.52000000000407,0.0027659450804354,0.0037118651920762,0.0011648800000001,0.0005165616,CLEAN,CLEAN,0,,
103832,101210,113861,-0.000854,0.015747,1.005127,-0.305176,0.061035,-0.12207,1.005251,-84.88000000000466,-4.880000000004657,0.0027705632693036,0.0037118651920762,0.0002940000000002,0.0005227296,CLEAN,CLEAN,0,,
103992,101166,114051,0.000122,0.016968,1.005859,-0.305176,0.0,0.0,1.006002,110.52000000000407,-34.44000000000233,0.0026739064459625,0.0016668391991451,0.0004227999999999,0.0005070336,CLEAN,CLEAN,0,,
104154,101292,114279,-0.00061,0.016846,1.005615,-0.305176,0.0,-0.061035,1.005756,341.08000000000175,102.67999999999302,0.0021877691925574,0.0019993889586726,0.0001326400000001,0.000511232,CLEAN,CLEAN,0,,
104313,101340,114487,-0.000366,0.015869,1.005981,-0.305176,-0.061035,-0.12207,1.006107,548.9600000000064,159.52000000000407,0.0022964101453216,0.0019993889586726,0.0004498400000001,0.0005060192,CLEAN,CLEAN,1,0.9609999999999985,62.43496357960468
104474,101295,113772,0.00061,0.016357,1.004883,-0.244141,0.0,-0.12207,1.005016,-164.72000000000116,122.63999999999942,0.0023408328091644,0.0062694902229272,0.0006603600000001,0.000509288,CLEAN,CLEAN,0,,
104635,101095,113927,-0.000732,0.015381,1.005615,-0.183105,0.0,-0.12207,1.005733,-4.080000000001746,-59.479999999995925,0.0021795301736771,0.0062694902229272,6.707999999999714e-05,0.000494,CLEAN,CLEAN,0,,
104795,101100,113726,-0.000122,0.016357,1.004883,-0.305176,0.061035,-0.12207,1.005016,-201.24000000000524,-48.16000000000349,0.0022537001268932,0.0062694902229272,0.00062596,0.0005014736,CLEAN,CLEAN,0,,
104955,101033,113828,-0.000366,0.016113,1.005493,-0.183105,0.061035,-0.305176,1.005622,-91.80000000000292,-103.32000000000698,0.00228691859083,0.0017624028442551,2.9480000000026152e-05,0.0004863936,CLEAN,CLEAN,0,,
105116,101069,113868,0.000488,0.016724,1.005981,-0.244141,-0.061035,-0.061035,1.006121,-39.55999999999767,-56.9600000000064,0.0022627569534365,0.0017624028442551,0.0004552800000001,0.0004854656,CLEAN,CLEAN,0,,
105276,101108,114099,-0.000122,0.015137,1.005005,-0.244141,-0.061035,-0.12207,1.005119,211.36000000000055,-4.880000000004657,0.0021767552343009,0.0020260918530057,0.0005549999999998,0.000499904,CLEAN,CLEAN,1,0.963000000000001,62.3052959501557
105437,101178,113531,0.00061,0.016968,1.005249,-0.305176,-0.061035,-0.12207,1.005392,-324.4799999999959,81.67999999999302,0.0021326457739818,0.0049836277300277,0.0003496,0.0005045568,CLEAN,CLEAN,0,,
105596,100840,113520,0.000244,0.015259,1.006104,-0.244141,0.0,-0.12207,1.006219,-307.0399999999936,-227.9600000000064,0.0022485462025681,0.0049836277300277,0.0005020399999999,0.000464632,CLEAN,CLEAN,0,,
105757,100928,113486,-0.000122,0.016602,1.005859,-0.305176,0.0,-0.12207,1.005996,-319.91999999999825,-129.1999999999971,0.0024000594945706,0.0049836277300277,0.0002495999999998,0.0004483376,CLEAN,CLEAN,0,,
105917,100929,113705,-0.000244,0.016479,1.005859,-0.427246,0.0,-0.061035,1.005994,-88.63999999999942,-114.52000000000407,0.0024307890275632,0.0019220561472094,0.0002714800000001,0.0004423136,CLEAN,CLEAN,0,,
106078,101053,113977,-0.00061,0.014893,1.006836,-0.244141,0.0,-0.061035,1.006946,197.08000000000172,18.839999999996508,0.0024249381197406,0.0023872649246185,0.0012485199999998,0.0004827872,CLEAN,CLEAN,0,,
106239,101154,114145,-0.001221,0.015869,1.005737,-0.305176,0.0,0.0,1.005863,387.08000000000175,132.52000000000407,0.0024257514966359,0.0023872649246185,0.0002055599999999,0.0004672912,CLEAN,CLEAN,0,,
106399,101195,114249,0.000488,0.015015,1.005737,-0.244141,0.061035,-0.061035,1.005849,536.8000000000029,187.47999999999595,0.0024114099938621,0.0023872649246185,0.0002406800000001,0.0004654912,CLEAN,CLEAN,1,1.1229999999999976,53.42831700801436
106560,100963,113480,-0.00061,0.015503,1.005249,-0.183105,0.0,-0.061035,1.005369,-197.52000000000407,-15.039999999993595,0.0024824453017491,0.0067496946399525,0.0002246000000001,0.0004735184,CLEAN,CLEAN,0,,
106719,100983,113716,-0.000244,0.017212,1.005127,-0.244141,-0.061035,-0.12207,1.005274,78.08000000000175,20.360000000000586,0.0025029479053863,0.0067496946399525,0.00034968,0.0004762144,CLEAN,CLEAN,0,,
106881,100912,113558,-0.00061,0.015503,1.006714,-0.244141,-0.061035,-0.12207,1.006833,-53.24000000000524,-30.960000000006403,0.0025673044302402,0.0067496946399525,0.00117988,0.0004814608,CLEAN,CLEAN,0,,
107041,100945,113705,0.0,0.016113,1.005737,-0.305176,-0.061035,-0.12207,1.005866,115.75999999999476,13.39999999999418,0.002588802440758,0.0020714975628304,0.0001934799999998,0.0004885664,CLEAN,CLEAN,0,,
107200,100990,113718,-0.000366,0.014893,1.004761,-0.366211,0.0,-0.12207,1.004871,146.39999999999418,68.36000000000058,0.0025460147069588,0.0013869406371851,0.0008067999999998,0.0004865312,CLEAN,CLEAN,1,0.8010000000000019,74.90636704119832
107361,101013,113652,-0.000122,0.014893,1.00647,-0.305176,0.0,-0.061035,1.00658,105.36000000000058,99.80000000000292,0.002354337912501,0.0012905201375571,0.00086764,0.000497168,CLEAN,CLEAN,0,,
107522,100748,113322,-0.00061,0.015747,1.005615,-0.305176,0.0,-0.12207,1.005739,-195.47999999999595,-141.67999999999302,0.0025088932258978,0.0028991353899741,2.224000000006221e-05,0.0004627648,CLEAN,CLEAN,0,,
107682,100891,113486,-0.000366,0.015625,1.005005,-0.244141,0.061035,-0.061035,1.005126,-11.520000000004076,7.919999999998254,0.0025539632979942,0.0028991353899741,0.00055256,0.000438272,CLEAN,CLEAN,0,,
107843,100868,113554,0.0,0.016602,1.004517,-0.183105,-0.061035,-0.12207,1.004654,75.36000000000058,-3.1999999999970896,0.0025896822311459,0.0028991353899741,0.00103436,0.0004678864,CLEAN,CLEAN,0,,
108003,100932,113708,-0.000122,0.015991,1.005249,-0.244141,-0.061035,-0.061035,1.005376,245.1600000000035,68.52000000000407,0.002550167444701,0.0014410498153347,0.00031172,0.0004634432,CLEAN,CLEAN,0,,
108164,100975,113729,0.000122,0.015259,1.004639,-0.183105,-0.061035,-0.244141,1.004755,284.5599999999977,120.08000000000176,0.0023818636751795,0.0013534901413184,0.0008601599999999,0.000492544,CLEAN,CLEAN,1,0.9639999999999986,62.24066390041503
108323,100991,113344,-0.001343,0.015381,1.004761,-0.305176,0.0,-0.183105,1.004879,-76.91999999999825,145.44000000000233,0.0020853435997778,0.0033857404922251,0.00075536,0.0005047648,CLEAN,CLEAN,0,,
108484,100558,112905,0.000977,0.016235,1.004517,-0.305176,0.061035,-0.12207,1.004648,-463.679999999993,-266.320000000007,0.0025186735884291,0.0038618013482349,0.0009817199999999,0.0005176192,CLEAN,CLEAN,0,,
108644,100710,112937,-0.000244,0.016602,1.006348,-0.244141,0.061035,-0.061035,1.006485,-418.2799999999989,-106.83999999999652,0.0027910892330696,0.0038618013482349,0.0007816,0.0005462,CLEAN,CLEAN,0,,
108805,100608,113059,0.0,0.016602,1.005615,-0.244141,-0.061035,-0.12207,1.005752,-272.5599999999977,-197.24000000000524,0.0029653396415459,0.0038618013482349,3.0159999999890275e-05,0.000522368,CLEAN,CLEAN,0,,
108965,100749,113278,0.000244,0.015869,1.005981,-0.244141,-0.061035,-0.12207,1.006107,-47.679999999993015,-51.479999999995925,0.0029940700274695,0.0019279995182642,0.00043312,0.0005385136,CLEAN,CLEAN,0,,
109125,100820,113427,0.000244,0.017334,1.006104,-0.305176,0.0,-0.061035,1.006253,105.36000000000058,21.27999999999884,0.0029624513790523,0.0019279995182642,0.0006135200000001,0.0005448432,CLEAN,CLEAN,0,,
109286,100897,113475,0.000488,0.015747,1.005859,-0.305176,-0.061035,-0.061035,1.005983,187.32000000000696,100.32000000000698,0.0028037262238001,0.0019279995182642,0.0002891200000001,0.000534208,CLEAN,CLEAN,1,1.1219999999999999,53.47593582887701
109446,100590,112802,-0.000366,0.016235,1.005371,-0.244141,0.0,-0.12207,1.005502,-458.8800000000047,-188.1600000000035,0.0030964969786191,0.0059286023615041,0.00015808,0.0005265472,CLEAN,CLEAN,0,,
109607,100675,113021,-0.000488,0.016602,1.005127,-0.244141,0.0,-0.183105,1.005264,-216.91999999999825,-99.9600000000064,0.0032181866380784,0.0059286023615041,0.0003961600000002,0.000522312,CLEAN,CLEAN,0,,
109767,100631,113014,-0.000366,0.016602,1.006104,-0.244141,0.0,-0.12207,1.006241,-202.39999999999415,-132.0,0.0033297709111987,0.0059286023615041,0.0005705199999999,0.0005351488,CLEAN,CLEAN,0,,
109928,100736,113310,-0.001221,0.015381,1.005859,-0.244141,0.0,-0.061035,1.005978,112.52000000000407,-18.960000000006403,0.0033160928678634,0.0026087836334785,0.00029824,0.0005362192,CLEAN,CLEAN,0,,
110089,100839,113517,-0.000244,0.015991,1.005005,-0.305176,0.061035,-0.12207,1.005132,335.6399999999994,92.24000000000524,0.0031821755623511,0.0026087836334785,0.0005531199999999,0.0005084032,CLEAN,CLEAN,0,,
110248,100920,113557,0.000122,0.015381,1.006226,-0.366211,0.061035,-0.12207,1.006343,424.1600000000035,180.0,0.0029218256443523,0.0026087836334785,0.0006130399999999,0.0005247024,CLEAN,CLEAN,1,0.9619999999999962,62.37006237006262
110410,100664,112943,-0.00061,0.015381,1.005615,-0.305176,0.0,-0.061035,1.005733,-159.72000000000116,-50.72000000000117,0.0026155674386056,0.0054159579171249,7.987999999992113e-05,0.0005182704,CLEAN,CLEAN,0,,
110569,100776,113145,-0.00061,0.016235,1.00708,-0.305176,0.0,-0.061035,1.007211,61.16000000000349,64.08000000000175,0.0026363442237251,0.0054159579171249,0.0013445600000001,0.0005630688,CLEAN,CLEAN,0,,
110731,100693,113123,-0.000977,0.015503,1.005615,-0.305176,0.0,-0.061035,1.005735,49.80000000000291,-9.24000000000524,0.0025807958840146,0.0054159579171249,9.683999999987591e-05,0.0005529552,CLEAN,CLEAN,0,,
110891,100793,113411,-0.000244,0.016846,1.005493,-0.305176,0.061035,-0.061035,1.005634,344.11999999999534,92.91999999999824,0.0025519625142284,0.0025413480863295,0.00016864,0.0005125056,CLEAN,CLEAN,0,,
111050,100901,113604,-0.000244,0.015747,1.004883,-0.244141,0.0,-0.12207,1.005006,544.5599999999977,205.8000000000029,0.0025092111329073,0.0025413480863295,0.0007918399999999,0.00053644,CLEAN,CLEAN,0,,
111211,100939,112869,-0.000122,0.015991,1.006104,-0.244141,0.0,-0.12207,1.006231,-178.1999999999971,247.52000000000407,0.002522188950706,0.0064879075994847,0.00039008,0.0005197712,CLEAN,CLEAN,0,,
111372,100550,112982,0.001099,0.015503,1.005615,-0.305176,-0.061035,-0.061035,1.005735,-23.60000000000582,-120.36000000000058,0.0024856611488827,0.0064879075994847,9.66399999999812e-05,0.0004889312,CLEAN,CLEAN,0,,
111533,100668,112748,-0.000732,0.015869,1.005615,-0.244141,-0.061035,-0.12207,1.005741,-253.1600000000035,0.1999999999970896,0.002642120202023,0.0064879075994847,0.0001046799999999,0.0004922288,CLEAN,CLEAN,0,,
111693,100592,112948,-0.000244,0.016479,1.005249,-0.305176,0.061035,-0.12207,1.005384,-38.679999999993015,-66.60000000000582,0.0026493376206534,0.0020664455864254,0.0004716399999999,0.000488992,CLEAN,CLEAN,0,,
111852,100667,113081,-0.000854,0.015869,1.004761,-0.305176,-0.061035,-0.061035,1.004886,96.39999999999418,9.960000000006405,0.0025848091023922,0.0020664455864254,0.0009450399999999,0.0004854192,CLEAN,CLEAN,0,,
112014,100727,113305,0.000244,0.016724,1.005371,-0.244141,0.061035,-0.061035,1.00551,330.24000000000524,74.16000000000349,0.00241906387052,0.0019791244777408,0.0003362799999999,0.0004864016,CLEAN,CLEAN,0,,
112173,100806,112516,-0.000244,0.016724,1.005737,-0.244141,0.0,-0.183105,1.005876,-436.1666666666715,160.91666666667152,0.0024759143632923,0.0069741023030978,4.1666666561468446e-08,0.0004519968666666,CLEAN,CLEAN,0,,
112334,100359,112591,-0.000122,0.015259,1.006836,-0.305176,0.0,-0.061035,1.006952,-334.86956521739194,-274.13043478260806,0.0026211809068351,0.0069741023030978,0.0010962608695652,0.0004656329014492,CLEAN,CLEAN,0,,
112494,100488,112433,-0.000732,0.015991,1.005859,-0.305176,0.0,-0.061035,1.005987,-492.0909090909117,-143.72727272727934,0.0028597008294364,0.0069741023030978,0.0001256818181818,0.0004313913741765,CLEAN,CLEAN,0,,
112656,100468,112671,-0.000366,0.015991,1.005493,-0.366211,0.0,-0.061035,1.00562,-243.6190476190532,-156.85714285714494,0.0029420011957252,0.0021048312066873,0.0001770476190476,0.0004072092789384,CLEAN,CLEAN,0,,
112815,100554,112901,-0.000244,0.016724,1.004883,-0.305176,0.0,-0.12207,1.005022,-3.1999999999970896,-67.44999999999709,0.0029578831941214,0.0021048312066873,0.0007781499999999,0.0004371288789384,CLEAN,CLEAN,0,,
112976,100627,113092,-0.001343,0.015991,1.005859,-0.366211,0.061035,-0.061035,1.005987,214.47368421051945,14.57894736842718,0.002932998664717,0.0021048312066873,0.0001781052631579,0.0004269282894647,CLEAN,CLEAN,0,,
113137,100727,113121,-0.001099,0.015991,1.007202,-0.305176,0.0,-0.061035,1.00733,283.8333333333285,130.6111111111095,0.0028572729609884,0.0020341942751051,0.0014765000000001,0.0004614474894647,CLEAN,CLEAN,0,,
113297,100369,112435,-0.001099,0.016479,1.005615,-0.244141,0.0,-0.12207,1.005751,-400.2941176470631,-207.23529411765048,0.0029418673905254,0.0060704956214559,8.029411764676198e-05,0.0004530944541706,CLEAN,CLEAN,0,,
113458,100526,112691,-0.000244,0.015259,1.005737,-0.305176,0.0,-0.12207,1.005853,-135.125,-51.875,0.0029734402058526,0.0060704956214559,1.5687500000138854e-05,0.0004473987541706,CLEAN,CLEAN,0,,
113617,100445,112659,-0.001587,0.016846,1.005371,-0.183105,-0.061035,-0.061035,1.005513,-172.33333333332848,-126.8666666666686,0.0030343588361122,0.0060704956214559,0.0003307333333331,0.0004447816875039,CLEAN,CLEAN,0,,
113779,100592,112962,-0.000488,0.016357,1.005493,-0.244141,0.0,-0.12207,1.005626,139.0,21.571428571434808,0.0030342826894518,0.0026817814109179,0.0002505714285714,0.0004319837446468,CLEAN,CLEAN,0,,
113939,100631,113064,0.0,0.016357,1.006226,-0.305176,0.0,-0.12207,1.006359,260.8461538461561,68.0,0.0029791751461723,0.0026817814109179,0.0004062307692309,0.000436303375416,CLEAN,CLEAN,0,,
