time_ms,ppg_red,ppg_ir,ax,ay,az,gx,gy,gz,motion_mag,ppg_noise_score,dynamic_motion,motion_score,signal_label
53954,780,717,0.001831,0.015137,1.005371,-0.244141,0.0,-0.061035,1.005487,0.0,0.0,0.0,NO_FINGER
54114,887,516,0.004395,0.014771,1.005371,-0.244141,-0.061035,-0.061035,1.005489,0.0,9.999999999177334e-07,7.071067811283762e-07,NO_FINGER
54275,788,681,0.003296,0.016724,1.005005,-0.183105,0.0,-0.12207,1.005149,0.0,0.0002260000000000595,0.00013019344581563397,NO_FINGER
54436,986,523,0.003662,0.016235,1.004883,-0.305176,0.0,-0.061035,1.005021,0.0,0.0002655000000000296,0.000142511037584276,NO_FINGER
54595,790,768,0.005005,0.015991,1.006348,-0.305176,0.0,-0.12207,1.006487,0.0,0.0009603999999998614,0.00039425617560155375,NO_FINGER
54756,846,562,0.003174,0.015381,1.004883,-0.244141,0.0,-0.12207,1.005005,0.0,0.0004346666666668053,0.00035750595358934983,NO_FINGER
54917,651,666,0.004639,0.014648,1.006592,-0.244141,0.061035,-0.061035,1.006709,0.0,0.0010879999999999779,0.0004381319832674644,NO_FINGER
55077,1057,430,0.00354,0.015991,1.005127,-0.305176,0.061035,-0.061035,1.00526,0.0,0.00031587499999985447,0.00040746481111910923,NO_FINGER
55238,834,841,0.00415,0.015625,1.005005,-0.305176,0.0,-0.061035,1.005135,0.0,0.00039188888888896933,0.0003812040857643253,NO_FINGER
55398,905,643,0.003418,0.015747,1.006104,-0.244141,-0.061035,-0.061035,1.006233,0.0,0.0006355000000000111,0.0003664543250621104,NO_FINGER
55558,589,695,0.004761,0.016602,1.005371,-0.305176,0.12207,-0.12207,1.005519,0.0,7.136363636361942e-05,0.0003642468066804657,NO_FINGER
55719,967,367,0.005005,0.015747,1.004761,-0.366211,-0.061035,-0.183105,1.004897,0.0,0.000635583333333356,0.00035394114205086313,NO_FINGER
55879,929,703,0.00354,0.014404,1.005493,-0.305176,0.0,-0.061035,1.005603,0.0,6.499999999998174e-05,0.00035279514267727206,NO_FINGER
56039,940,702,0.009155,0.014893,1.005493,-0.366211,0.0,-0.12207,1.005645,0.0,9.935714285713715e-05,0.0003478369955416544,NO_FINGER
56200,653,750,-0.002075,0.015137,1.005493,-0.305176,0.0,-0.061035,1.005609,0.0,5.91333333332944e-05,0.0003447041781827528,NO_FINGER
56359,752,430,0.00647,0.015381,1.005249,-0.305176,0.061035,-0.061035,1.005388,0.0,0.00015175000000011707,0.0003366820527718609,NO_FINGER
56520,845,533,0.002441,0.014404,1.005493,-0.183105,-0.061035,0.0,1.005599,0.0,5.5764705882088705e-05,0.00033307858374250073,NO_FINGER
56681,1025,621,0.005249,0.015381,1.006226,-0.305176,-0.061035,-0.12207,1.006357,0.0,0.0007685555555556611,0.0003399178238500496,NO_FINGER
56840,768,787,0.003052,0.016113,1.006836,-0.305176,0.0,-0.061035,1.006969,0.0,0.001307894736842119,0.00039728692752979614,NO_FINGER
57001,701,566,0.004028,0.015991,1.005371,-0.305176,0.061035,-0.061035,1.005506,0.0,0.00014734999999999054,0.000390682906446478,NO_FINGER
57161,864,492,0.003052,0.015869,1.006836,-0.305176,0.061035,-0.061035,1.006966,0.0,0.0012501428571429773,0.0004251153325216487,NO_FINGER
57322,929,647,0.00293,0.014648,1.005615,-0.305176,0.0,-0.12207,1.005726,0.0,9.681818181839219e-06,0.00042422623966213176,NO_FINGER
57483,881,661,0.005127,0.015625,1.005737,-0.305176,0.0,-0.12207,1.005872,0.0,0.00014891304347841583,0.00041793508147765457,NO_FINGER
57642,739,652,0.003052,0.014893,1.005127,-0.305176,0.061035,-0.061035,1.005242,0.0,0.0004610416666668282,0.0004089695501908916,NO_FINGER
57803,893,528,0.003662,0.015381,1.005127,-0.305176,0.061035,-0.12207,1.005251,0.0,0.0004339600000000665,0.0004004235388369391,NO_FINGER
57964,778,695,0.003418,0.012817,1.004761,-0.305176,0.0,-0.061035,1.004848,0.0,0.0008113999999999066,0.0003995867176348701,NO_FINGER
58123,900,544,0.004028,0.016235,1.006836,-0.244141,0.0,-0.061035,1.006975,0.0,0.0012561600000000617,0.0004214538451252771,NO_FINGER
58284,794,704,0.000732,0.013794,1.006104,-0.244141,0.061035,-0.12207,1.006198,0.0,0.00043719999999991543,0.0004182120753537694,NO_FINGER
58445,978,575,0.004517,0.020752,1.005737,-0.183105,0.061035,-0.061035,1.005962,0.0,0.00016356000000006254,0.0004209848496207367,NO_FINGER
58604,788,748,0.002075,0.020752,1.005981,-0.305176,0.0,-0.12207,1.006198,0.0,0.0004111200000000981,0.0004093901379417871,NO_FINGER
58765,880,570,0.009644,0.018433,1.006104,-0.305176,0.0,-0.061035,1.006319,0.0,0.0004795600000000455,0.00040935258243261416,NO_FINGER
58926,727,643,-0.004272,0.011963,1.005249,-0.244141,0.0,-0.12207,1.005329,0.0,0.0004552399999999679,0.00038832850192815774,NO_FINGER
59085,1054,448,0.013062,0.022583,1.005493,-0.305176,0.0,-0.12207,1.005831,0.0,2.3919999999844066e-05,0.00039654863872169455,NO_FINGER
59246,806,837,-0.000977,0.009277,1.004761,-0.305176,0.0,-0.061035,1.004804,0.0,0.0009898399999999086,0.0004119361416106246,NO_FINGER
59407,867,594,0.010376,0.023071,1.005615,-0.183105,0.0,-0.12207,1.005933,0.0,0.00015115999999992802,0.00041438536979274723,NO_FINGER
59567,590,698,-0.005127,0.012817,1.005005,-0.305176,-0.061035,-0.12207,1.0051,0.0,0.0006650799999998736,0.00040973632404520545,NO_FINGER
59727,1014,366,0.008545,0.013916,1.006958,-0.244141,0.0,-0.12207,1.00709,0.0,0.0012372000000000494,0.00043736481016475807,NO_FINGER
59888,917,777,0.001953,0.013184,1.004883,-0.244141,0.061035,-0.061035,1.004971,0.0,0.0008565199999999162,0.0004345908852380427,NO_FINGER
60048,926,711,0.004272,0.016113,1.005615,-0.305176,0.0,-0.183105,1.005753,0.0,7.884000000002445e-05,0.0004354236458069473,NO_FINGER
60209,637,710,0.005249,0.016724,1.005493,-0.244141,0.0,-0.061035,1.005646,0.0,0.00018731999999999083,0.0004305911133412566,NO_FINGER
60368,845,396,0.005005,0.012329,1.005005,-0.305176,0.0,-0.12207,1.005093,0.0,0.0007285200000000103,0.00042559671536766954,NO_FINGER
60529,921,589,0.005737,0.015137,1.005615,-0.244141,0.061035,-0.12207,1.005746,0.0,8.13999999997872e-05,0.0004244090348768891,NO_FINGER
60690,1005,661,0.004272,0.015137,1.005615,-0.244141,0.061035,-0.12207,1.005738,0.0,6.463999999994918e-05,0.00043201098476858783,NO_FINGER
60849,718,785,0.002197,0.01355,1.006226,-0.305176,0.0,-0.12207,1.006319,0.0,0.000542360000000075,0.00039924626896132464,NO_FINGER
61010,722,509,0.008911,0.018433,1.005127,-0.244141,0.0,-0.061035,1.005335,0.0,0.0004347999999998464,0.0003932749901341657,NO_FINGER
61171,863,511,0.00354,0.017578,1.005859,-0.305176,0.061035,-0.12207,1.006019,0.0,0.0002870799999998841,0.00036209273306406025,NO_FINGER
61331,1014,609,0.003906,0.014282,1.005615,-0.244141,0.0,-0.12207,1.005724,0.0,7.839999999870173e-06,0.0003621874717900697,NO_FINGER
61490,816,772,0.001953,0.015991,1.006836,-0.305176,-0.061035,-0.12207,1.006965,0.0,0.001189440000000097,0.0003845496079168781,NO_FINGER
61651,700,587,0.005859,0.021362,1.005493,-0.244141,0.0,-0.061035,1.005737,0.0,5.835999999992403e-05,0.00039444244466000375,NO_FINGER
61812,869,499,0.001831,0.015625,1.004761,-0.305176,0.0,-0.12207,1.004884,0.0,0.000896679999999872,0.00040289424522740164,NO_FINGER
61971,940,615,0.002563,0.010986,1.00647,-0.305176,0.0,-0.12207,1.006533,0.0,0.0006849199999998667,0.00039959917121705534,NO_FINGER
62133,869,667,0.008423,0.016846,1.004761,-0.244141,0.0,-0.12207,1.004937,0.0,0.000829560000000118,0.0003740199042261727,NO_FINGER
62292,731,627,0.002563,0.015137,1.005737,-0.305176,0.0,-0.061035,1.005854,0.0,0.0001012000000000235,0.00038149750714434985,NO_FINGER
62452,910,498,0.000488,0.017944,1.006592,-0.183105,0.0,-0.061035,1.006752,0.0,0.0009676000000000684,0.0003889120334129047,NO_FINGER
62613,793,685,0.004028,0.018188,1.005737,-0.305176,0.0,-0.061035,1.00591,0.0,0.00013711999999999058,0.0003952252763509612,NO_FINGER
62774,897,579,0.001709,0.015015,1.006226,-0.244141,0.061035,-0.12207,1.006339,0.0,0.0005653199999999803,0.0003955440943780611,NO_FINGER
62935,800,684,0.002686,0.017456,1.005493,-0.366211,0.061035,-0.12207,1.005648,0.0,0.00013843999999996193,0.00040169350748718894,NO_FINGER
63094,946,563,0.00293,0.015503,1.006104,-0.305176,0.0,-0.12207,1.006227,0.0,0.000424719999999823,0.00039073895863780554,NO_FINGER
63255,776,744,0.008057,0.013062,1.006592,-0.305176,0.061035,-0.183105,1.006709,0.0,0.0008305200000000568,0.0003835176107004235,NO_FINGER
63416,912,534,0.00061,0.012573,1.005249,-0.305176,0.0,-0.12207,1.005328,0.0,0.0005262800000001011,0.00037716238046411914,NO_FINGER
63575,790,669,0.004883,0.016968,1.005493,-0.305176,0.0,-0.12207,1.005648,0.0,0.00022820000000001173,0.000379351687017067,NO_FINGER
63736,995,540,0.002808,0.018188,1.005493,-0.305176,0.0,-0.183105,1.005662,0.0,0.00015707999999992062,0.0003503199979599949,NO_FINGER
63897,808,801,0.004517,0.016602,1.006348,-0.366211,0.061035,-0.061035,1.006495,0.0,0.0006149599999998312,0.0003415807890773287,NO_FINGER
64057,862,560,0.00293,0.017212,1.005249,-0.244141,0.0,-0.12207,1.005401,0.0,0.00046495999999995874,0.000333653763797182,NO_FINGER
64216,641,648,0.00647,0.016724,1.005981,-0.244141,0.0,-0.12207,1.006141,0.0,0.0002552399999999899,0.00033173089139244464,NO_FINGER
64377,1046,377,0.015869,-0.00293,1.005981,-0.305176,0.0,-0.183105,1.006111,0.0,0.0001845199999999103,0.0003304499652050605,NO_FINGER
64538,865,844,-0.004028,0.025757,1.005737,-0.305176,0.0,0.0,1.006075,0.0,0.00013535999999980675,0.00032826805408592193,NO_FINGER
64697,925,639,0.005615,0.017944,1.005859,-0.305176,-0.061035,0.0,1.006035,0.0,8.348000000002465e-05,0.0003274170578900183,NO_FINGER
64858,601,692,0.001099,0.014893,1.005981,-0.305176,0.0,-0.12207,1.006092,0.0,0.000149559999999882,0.00033119556323118636,NO_FINGER
65019,928,381,0.003296,0.016602,1.005371,-0.244141,0.0,-0.061035,1.005514,0.0,0.00043560000000009147,0.0003311976822544051,NO_FINGER
65179,925,672,0.003662,0.015381,1.006348,-0.244141,0.061035,-0.12207,1.006472,0.0,0.0005042799999999126,0.00033057338273171456,NO_FINGER
65340,959,703,0.003174,0.015503,1.005127,-0.305176,0.061035,-0.061035,1.005252,0.0,0.0006968400000000319,0.00032317044033144477,NO_FINGER
65499,649,736,0.004883,0.016235,1.005127,-0.305176,0.0,-0.12207,1.00527,0.0,0.0006110399999998961,0.000286704953957916,NO_FINGER
65660,746,442,0.003784,0.015015,1.005371,-0.244141,0.0,-0.12207,1.00549,0.0,0.00038116000000010253,0.0002764849876286393,NO_FINGER
65821,866,535,0.00415,0.014404,1.005493,-0.244141,0.0,-0.12207,1.005605,0.0,0.0002949999999999342,0.00026083725206345256,NO_FINGER
65980,1007,609,0.003662,0.015015,1.004639,-0.244141,0.0,-0.061035,1.004758,0.0,0.001070999999999822,0.0002874832624646879,NO_FINGER
66141,742,801,0.003784,0.015137,1.004883,-0.305176,0.061035,-0.12207,1.005004,0.0,0.0008276799999999973,0.0002873750415235637,NO_FINGER
66302,727,542,0.003784,0.015747,1.00647,-0.244141,-0.061035,-0.061035,1.0066,0.0,0.0007384799999998748,0.0002851123229138583,NO_FINGER
66461,842,477,0.00415,0.014771,1.005493,-0.244141,0.0,-0.061035,1.00561,0.0,0.00020584000000001268,0.00026848809774239593,NO_FINGER
66622,948,626,0.005005,0.012085,1.005127,-0.244141,0.0,0.0,1.005212,0.0,0.000575919999999952,0.00026306985944674684,NO_FINGER
66783,847,693,0.00293,0.014038,1.006592,-0.305176,0.0,-0.12207,1.006694,0.0,0.000891879999999956,0.0002770763773113789,NO_FINGER
66942,739,615,0.008179,0.015869,1.006104,-0.305176,0.0,-0.12207,1.006262,0.0,0.00043531999999979476,0.00026909597814905786,NO_FINGER
67103,868,492,0.002319,0.015137,1.004761,-0.244141,0.061035,-0.061035,1.004877,0.0,0.0008956799999999543,0.0002820408862369623,NO_FINGER
67264,796,682,0.008423,0.010376,1.006104,-0.244141,0.12207,-0.12207,1.006192,0.0,0.00043999999999999595,0.00027293807109060706,NO_FINGER
67423,900,542,-0.002319,0.021606,1.007813,-0.183105,0.0,-0.244141,1.008047,0.0,0.002186239999999895,0.00043839796208770604,NO_FINGER
67585,778,682,0.008423,0.038208,1.005737,-0.366211,0.061035,0.0,1.006498,0.0,0.0006032400000000049,0.0004337251877829123,NO_FINGER
67744,956,548,0.000122,-0.00061,1.006348,-0.305176,0.0,-0.061035,1.006348,0.0,0.00042580000000014273,0.00042676249724640303,NO_FINGER
67905,769,735,0.006958,0.02356,1.004761,-0.183105,0.0,-0.12207,1.005061,0.0,0.0008038400000001111,0.0004293595799140735,NO_FINGER
68066,901,534,0.002197,0.016968,1.006592,-0.305176,0.061035,-0.12207,1.006737,0.0,0.0008187199999998285,0.00043151171564163475,NO_FINGER
68225,793,664,0.007813,0.01416,1.005005,-0.244141,-0.061035,-0.12207,1.005135,0.0,0.0007430399999999171,0.0004269333948240492,NO_FINGER
68386,983,534,0.0,0.011353,1.007568,-0.244141,0.0,-0.061035,1.007632,0.0,0.0016931200000001034,0.0004694387305879208,NO_FINGER
68547,781,790,0.009766,0.019043,1.006348,-0.244141,-0.061035,-0.183105,1.006575,0.0,0.0006161200000001088,0.000456466575383847,NO_FINGER
68707,858,586,0.002319,0.015503,1.005737,-0.244141,-0.061035,-0.061035,1.005859,0.0,9.283999999998294e-05,0.0004559560638599506,NO_FINGER
68868,671,949,0.005493,0.015625,1.005859,-0.244141,-0.061035,-0.12207,1.005996,0.0,4.8000000000048004e-05,0.00046135084143847046,NO_FINGER
69027,1195,3110,0.000244,0.01709,1.007324,-0.244141,0.0,-0.12207,1.007469,0.0,0.0014427999999999663,0.0004824792418774649,NO_FINGER
69188,5873,19419,0.008789,0.01416,1.005615,-0.305176,0.0,-0.12207,1.005753,0.0,0.0002444399999999014,0.0004900979033458401,CLEAN
69349,51915,95212,-0.005127,0.017822,1.00708,-0.183105,-0.061035,-0.061035,1.007251,1.3223822526192741,0.0011735999999999969,0.0004987093498221078,NOISY
69509,102652,116509,0.011353,0.014404,1.005737,-0.305176,0.061035,-0.12207,1.005905,1.3223822526192741,0.00019780000000002573,0.0005095617430799266,NOISY
69668,103126,116766,0.000488,0.016357,1.004761,-0.244141,0.0,-0.12207,1.004894,1.3223822526192741,0.0011849600000000127,0.0005130387436805576,NOISY
69829,103030,117047,0.004761,0.015137,1.005859,-0.366211,0.061035,-0.061035,1.005985,0.4535368831925798,0.00010916000000005255,0.0005211291028935657,NOISY
69990,103062,117312,0.00415,0.015625,1.005859,-0.305176,0.0,-0.12207,1.005989,0.40195158144036236,0.00015439999999999898,0.0005289551333109359,NOISY
70149,103098,117344,0.003784,0.015259,1.005249,-0.12207,0.0,0.0,1.005372,0.3644600431840553,0.0007861200000001123,0.0005286087409896447,NOISY
70311,102967,117397,0.005005,0.017334,1.005615,-0.305176,0.0,-0.12207,1.005777,0.3356985695077851,0.0003481999999999097,0.0005331772849525069,NOISY
70470,103058,117489,0.004883,0.016113,1.005493,-0.366211,0.0,-0.061035,1.005634,0.3127679257170033,0.0004921600000000748,0.0005254826202010169,NOISY
70631,102977,117522,0.00415,0.014526,1.005127,-0.366211,0.0,-0.061035,1.00524,0.2939378158284753,0.0008872800000001568,0.0005262039354065382,NOISY
70791,102985,117567,0.005371,0.016602,1.005005,-0.244141,-0.061035,-0.12207,1.005156,0.2781249892503571,0.0009097599999998707,0.0005264755178707996,NOISY
70952,102931,117639,0.004883,0.015503,1.005249,-0.244141,0.0,-0.061035,1.00538,0.2646084680556367,0.0006504800000000088,0.0005235605620492454,NOISY
71111,102969,117471,0.004272,0.014648,1.006348,-0.183105,0.0,-0.12207,1.006463,0.25286295568861306,0.00036908000000024366,0.0005266943251387053,NOISY
71272,102841,117589,0.003418,0.013916,1.004761,-0.183105,0.0,-0.12207,1.004863,0.24255610634823188,0.0011777599999998056,0.000532341516131616,NOISY
71433,102848,117599,0.003662,0.015259,1.005615,-0.244141,0.0,-0.061035,1.005738,0.23341025990930767,0.00021039999999983294,0.00044628563309760395,NOISY
71594,102814,117644,0.003784,0.015991,1.005005,-0.305176,0.0,-0.061035,1.005139,0.22522557631322018,0.0007550400000000401,0.00044669332118281034,NOISY
71753,102793,117731,0.004028,0.014893,1.005127,-0.305176,0.0,-0.12207,1.005245,0.21784775110051155,0.0006049200000000088,0.0004443208532100784,NOISY
71914,102814,117973,0.003174,0.015991,1.006226,-0.244141,0.061035,-0.061035,1.006358,0.2111617926413998,0.0004562000000001287,0.0004450891912115241,NOISY
72075,102878,117948,0.003906,0.015869,1.005737,-0.244141,0.0,-0.12207,1.00587,0.2050527714773805,2.8800000000384074e-06,0.00046155186766385926,NOISY
72234,102785,118039,0.003784,0.014893,1.006104,-0.244141,0.0,-0.061035,1.006221,0.19944811069554633,0.0003104400000000229,0.00046461247557937746,NOISY
72395,102796,117972,0.00415,0.015137,1.005005,-0.244141,0.0,-0.12207,1.005127,0.19427505645439172,0.0006833599999997997,0.0004054513815489932,NOISY
72556,102695,117949,0.003784,0.015625,1.005371,-0.305176,0.0,-0.12207,1.0055,0.1894828653181295,0.0002673600000000498,0.0004092901287318312,NOISY
72716,102700,118052,0.004272,0.015381,1.005615,-0.305176,0.0,-0.061035,1.005742,0.1850319812716542,2.0679999999995147e-05,0.00041283157768754223,NOISY
72877,102726,118210,0.004272,0.015747,1.006104,-0.244141,0.0,-0.061035,1.006236,0.18088623039146595,0.0004637199999999453,0.00040039473373158584,NOISY
73036,102708,118021,0.005493,0.016235,1.005859,-0.305176,0.061035,-0.12207,1.006005,0.17699989138928496,0.0002912800000001159,0.00035814810123186195,NOISY
73197,102657,118203,0.004028,0.015381,1.005981,-0.305176,0.061035,-0.061035,1.006107,0.03857053546503929,0.00037912000000006607,0.0003549851795366275,CLEAN
73358,102659,118196,0.004517,0.015137,1.005981,-0.244141,0.0,-0.12207,1.006105,0.0037080006832269944,0.0004229599999998612,0.00032769374810838253,CLEAN
73517,102663,118294,0.003662,0.015503,1.005981,-0.244141,0.0,-0.061035,1.006108,0.0032723333961972387,0.00041783999999989163,0.00032256145131946755,CLEAN
73678,102657,118414,0.004517,0.015381,1.005615,-0.244141,0.061035,-0.12207,1.005743,0.0030155126746331667,1.888000000005441e-05,0.00030218258964184556,CLEAN
73839,102663,118448,0.004395,0.015869,1.005615,-0.305176,0.0,-0.061035,1.00575,0.002921441820148541,3.527999999985987e-05,0.00030596761571554976,CLEAN
73999,102573,118284,0.004395,0.015503,1.005859,-0.244141,0.0,-0.061035,1.005988,0.00285756654546145,0.0002733200000000213,0.0003021683978887568,CLEAN
74160,102594,118393,0.003296,0.015747,1.004639,-0.244141,-0.061035,-0.12207,1.004768,0.002820806516538999,0.0009225199999998157,0.0003096409877949749,CLEAN
74320,102576,118385,0.003784,0.015259,1.006226,-0.305176,0.061035,-0.061035,1.006348,0.0027663505237073183,0.0006346399999999086,0.00031082798434286125,CLEAN
74479,102568,118455,0.004883,0.015869,1.005737,-0.244141,0.0,-0.12207,1.005874,0.0027564404936223806,0.00015103999999976914,0.00031706983022248864,CLEAN
74641,102559,118493,0.00415,0.015747,1.00647,-0.305176,0.0,-0.061035,1.006601,0.002743028283211114,0.0008235999999999244,0.0003136702795569092,CLEAN
74801,102527,118517,0.00293,0.015015,1.005615,-0.244141,0.061035,-0.12207,1.005732,0.0027257793347601174,6.843999999994743e-05,0.00030736822158010065,CLEAN
74960,102433,118164,0.004639,0.016235,1.004883,-0.305176,-0.061035,-0.12207,1.005025,0.0029890490725649668,0.0007612399999998853,0.0003116505018980568,CLEAN
75121,102365,118263,0.003174,0.014893,1.005737,-0.244141,0.0,-0.12207,1.005853,0.0029890490725649668,9.115999999997904e-05,0.00031845769638887865,CLEAN
75282,102319,118219,0.003784,0.016235,1.005737,-0.366211,0.061035,-0.12207,1.005875,0.0029890490725649668,7.267999999993613e-05,0.0002820257990562591,CLEAN
75443,102330,118271,0.003662,0.015869,1.006714,-0.305176,0.061035,-0.12207,1.006846,0.0019596506691846407,0.0009993599999997826,0.0003069781975927782,CLEAN
75603,102318,118321,0.005005,0.015991,1.005859,-0.244141,0.0,-0.061035,1.005999,0.0017263449536754822,0.00011796000000008355,0.0003024374201538316,CLEAN
75762,102322,118397,0.002808,0.015503,1.006714,-0.305176,0.0,-0.061035,1.006837,0.001533613133680019,0.0008922799999999675,0.00031679301955268017,CLEAN
75923,102245,118151,0.004761,0.015503,1.005005,-0.244141,0.0,-0.12207,1.005136,0.002080472683393667,0.0007598399999999561,0.00032541455392975894,CLEAN
76084,102197,118241,0.003296,0.015381,1.005737,-0.244141,0.12207,-0.061035,1.00586,0.002080472683393667,3.5439999999997696e-05,0.00032383998992913994,CLEAN
76243,102163,118103,0.004028,0.015747,1.005249,-0.305176,0.0,-0.061035,1.00538,0.002080472683393667,0.00048180000000019874,0.00032375432681789397,CLEAN
76404,102130,118219,0.003906,0.016479,1.006104,-0.305176,0.0,-0.12207,1.006246,0.001257052016185738,0.0003394400000000797,0.0003186304541460388,CLEAN
76565,102113,118274,0.004395,0.016113,1.005127,-0.244141,0.0,-0.183105,1.005266,0.0011669535004546045,0.0006311999999999429,0.00032111049697777165,CLEAN
76726,102122,118097,0.003662,0.015625,1.005615,-0.366211,0.061035,-0.12207,1.005743,0.001496432403696543,0.0001542400000000832,0.000315525884943391,CLEAN
76885,101953,117984,0.003906,0.015747,1.004883,-0.305176,0.0,-0.12207,1.005014,0.001496432403696543,0.0008343599999998119,0.00032668642516839433,CLEAN
77046,101955,118021,0.004028,0.015137,1.005371,-0.366211,0.061035,-0.061035,1.005493,0.001496432403696543,0.00033488000000003737,0.0003260619589627705,CLEAN
77207,101936,118054,0.00354,0.015137,1.005615,-0.183105,-0.061035,-0.12207,1.005735,0.001256707154645434,7.80000000000225e-05,0.0003333515259701654,CLEAN
77367,101920,118119,0.004272,0.015747,1.005859,-0.244141,0.061035,-0.12207,1.005992,0.0012761714901672755,0.00018351999999999258,0.00033651097168438745,CLEAN
77528,101937,118145,0.004517,0.016602,1.005493,-0.244141,-0.061035,-0.12207,1.00564,0.0012903361602294922,0.00014975999999999878,0.0003403185345760203,CLEAN
77687,101911,117887,0.003906,0.016357,1.006958,-0.305176,0.0,-0.12207,1.007098,0.00218207283386983,0.0012540400000000673,0.000371821855818052,CLEAN
77848,101742,117878,0.004395,0.015381,1.004883,-0.305176,0.061035,-0.12207,1.00501,0.00218207283386983,0.0008043600000000595,0.0003684659536184844,CLEAN
78009,101739,117777,0.003662,0.014893,1.005615,-0.305176,0.0,-0.12207,1.005732,0.00218207283386983,7.21199999997868e-05,0.00037516737738772804,CLEAN
78169,101671,117799,0.00415,0.015747,1.005859,-0.244141,-0.061035,-0.12207,1.005991,0.0017335540419706886,0.00013795999999999253,0.00036812935170126156,CLEAN
78330,101660,117759,0.004028,0.015747,1.005493,-0.244141,0.0,-0.061035,1.005625,0.001823064190651822,0.00019911999999999708,0.0003685699759303856,CLEAN
78489,101624,117776,0.004028,0.015991,1.005371,-0.305176,0.0,-0.061035,1.005506,0.0018403532452252406,0.0003033999999999537,0.0003652316006773245,CLEAN
78650,101593,117635,0.003662,0.015015,1.005859,-0.305176,0.0,-0.061035,1.005978,0.0018903625319235892,0.0001935200000000581,0.0003581213552824255,CLEAN
78811,101454,117497,0.003296,0.015625,1.005981,-0.244141,-0.061035,-0.061035,1.006108,0.0019784179040978184,0.00030847999999994435,0.00035208419252216814,CLEAN
78971,101467,117401,0.003906,0.016602,1.005737,-0.305176,0.0,-0.061035,1.005882,0.0022430867800233823,4.819999999994273e-05,0.00035112307212143085,CLEAN
79130,101391,117357,0.004517,0.015259,1.004639,-0.305176,-0.061035,-0.12207,1.004765,0.0024554826703601,0.0010252800000001283,0.00036848011149947444,CLEAN
79291,101359,117368,0.004517,0.015503,1.005371,-0.244141,0.0,-0.12207,1.005501,0.0026216131664690864,0.00027431999999993906,0.0003628049957980147,CLEAN
79452,101321,117403,0.003906,0.016113,1.005859,-0.244141,-0.061035,0.0,1.005996,0.0027072033386141003,0.0002546799999998406,0.00034370982664646524,CLEAN
79613,101338,117095,0.00354,0.015869,1.006348,-0.427246,0.061035,-0.12207,1.006479,0.002935107555185034,0.0007184799999999658,0.0003445446596151864,CLEAN
79772,101147,117061,0.004028,0.015625,1.005249,-0.244141,0.0,-0.12207,1.005378,0.0030723011816207544,0.00032415999999990674,0.00033045860618239735,CLEAN
79932,101185,116977,0.003296,0.015747,1.005981,-0.305176,0.0,-0.061035,1.00611,0.0033127708469523937,0.0003688800000001269,0.00032165782126976746,CLEAN
80093,101113,117024,0.004639,0.015747,1.006226,-0.244141,0.0,-0.061035,1.006359,0.003423048129213407,0.0005979199999999185,0.00031614925891000574,CLEAN
80253,101131,117047,0.003662,0.015259,1.00647,-0.366211,-0.061035,-0.12207,1.006592,0.0035269416006727303,0.0007824399999998288,0.00032487354325030275,CLEAN
80414,101118,117120,0.005249,0.015137,1.005615,-0.305176,-0.061035,-0.12207,1.005743,0.0035044266692192453,4.643999999998094e-05,0.0003328956513744311,CLEAN
80575,101134,116725,0.00415,0.014771,1.005005,-0.244141,0.0,-0.12207,1.005122,0.003626378985155504,0.0006616799999998868,0.0003338200417949849,CLEAN
80734,100920,116667,0.003906,0.015137,1.005615,-0.305176,0.0,-0.183105,1.005737,0.003801967959841749,4.643999999998094e-05,0.00033785797431860946,CLEAN
80895,100934,116564,0.004883,0.016724,1.004639,-0.244141,0.0,-0.061035,1.00479,0.004023705375859373,0.0009844800000000653,0.00034710527799312484,CLEAN
81056,100908,116666,0.003784,0.016113,1.004761,-0.305176,0.0,0.0,1.004897,0.004101820439556794,0.0008536400000000999,0.0003580050379012693,CLEAN
81217,100961,116720,0.004028,0.014648,1.004761,-0.244141,0.0,-0.12207,1.004876,0.004082341729351274,0.0008402799999998045,0.0003595137638533723,CLEAN
81376,100981,116825,0.004395,0.015137,1.005737,-0.183105,0.0,-0.12207,1.005861,0.003928393732927561,0.0001499599999998935,0.00036063969803302873,CLEAN
81537,100997,116652,0.00354,0.015259,1.005493,-0.305176,0.061035,-0.061035,1.005615,0.0037639689585421887,9.504000000015722e-05,0.00036273575041529787,CLEAN
81698,100794,116337,0.004761,0.016357,1.004883,-0.366211,0.0,-0.061035,1.005027,0.0038697177821382434,0.0006002000000000507,0.0003241539476072194,CLEAN
81857,100809,116250,0.003418,0.015625,1.006348,-0.305176,0.0,-0.12207,1.006475,0.003958595585400916,0.0007892000000000454,0.0003234332637438674,CLEAN
82017,100746,116278,0.004883,0.016602,1.006348,-0.244141,0.0,-0.061035,1.006496,0.004009365517866009,0.0007796399999999704,0.0003220335700264867,CLEAN
82178,100813,116435,0.004028,0.015991,1.005859,-0.305176,-0.061035,-0.12207,1.005995,0.0039019101794462115,0.00027847999999996986,0.0003174567308847059,CLEAN
82339,100864,116565,0.003418,0.016357,1.005005,-0.244141,-0.061035,-0.061035,1.005144,0.0037121078472536896,0.0005532799999998783,0.00031315771109139936,CLEAN
82500,100922,116524,0.00415,0.015503,1.005127,-0.244141,0.0,-0.061035,1.005255,0.00346120057470933,0.00043224000000008367,0.00031126808078782664,CLEAN
82659,100751,116200,0.00293,0.015503,1.005859,-0.244141,0.0,-0.12207,1.005983,0.003388116564720529,0.00029556000000008353,0.00030800286730267714,CLEAN
82820,100811,116271,0.004883,0.015991,1.005493,-0.305176,0.0,-0.12207,1.005632,0.003301991784386298,3.639999999993648e-05,0.0003190846532860389,CLEAN
82981,100763,116279,0.003906,0.016479,1.006104,-0.305176,0.0,-0.061035,1.006246,0.00321786905950364,0.0005630399999998481,0.00030687285025561133,CLEAN
83140,100832,116402,0.004272,0.015869,1.006958,-0.305176,0.0,-0.061035,1.007092,0.0030681591198637747,0.001315960000000116,0.00033229207086137193,CLEAN
83301,100843,116512,0.003662,0.015747,1.005615,-0.366211,-0.061035,-0.12207,1.005745,0.0028393857980722526,4.080000000006301e-05,0.0003422019921469409,CLEAN
83462,100926,116131,0.003662,0.016846,1.005493,-0.305176,0.0,-0.061035,1.005641,0.003267214964221852,0.0001305999999998697,0.0003467234356621075,CLEAN
83621,100757,116160,0.003052,0.015259,1.006226,-0.305176,0.061035,-0.12207,1.006346,0.003267214964221852,0.0005797199999999503,0.0003440372416120126,CLEAN
83782,100793,114311,0.004883,0.016113,1.005249,-0.427246,0.0,-0.061035,1.00539,0.01587592155903782,0.000376759999999976,0.000343166887275955,CLEAN
83943,100068,103228,0.00354,0.014648,1.003662,-0.305176,0.061035,-0.061035,1.003775,0.09561257092653179,0.0018983599999999878,0.00044289719756470644,NOISY
84104,97846,102890,0.005005,0.01416,1.004517,-0.244141,0.061035,-0.061035,1.004629,0.09561257092653179,0.000975160000000086,0.0004509808570955917,NOISY
84263,94425,105639,0.003174,0.015381,1.004028,-0.427246,0.0,-0.061035,1.004151,0.09561257092653179,0.0013555199999999434,0.00047638371891015995,NOISY
84424,95566,104665,0.005371,0.016724,1.005493,-0.12207,-0.061035,-0.12207,1.005647,0.04047007688292073,0.00014431999999997558,0.00047213793934683374,CLEAN
84584,97182,103656,0.002686,0.014771,1.005737,-0.183105,-0.061035,-0.061035,1.005849,0.044543752708520054,0.0003172399999999964,0.0004750084835340751,CLEAN
84745,96470,103965,0.00415,0.016113,1.005615,-0.366211,0.0,-0.061035,1.005753,0.04768668169674211,0.00022059999999979318,0.00046812592751952316,CLEAN
84904,95681,105058,0.004028,0.016479,1.005859,-0.183105,-0.061035,-0.12207,1.006002,0.04967286138624939,0.0004211200000001636,0.0004615710466540794,CLEAN
85066,96287,103069,0.003662,0.016235,1.005615,-0.305176,-0.061035,-0.183105,1.005753,0.05234045766319532,0.0001378799999998126,0.00046489628691140557,CLEAN
85225,95653,104232,0.004517,0.015137,1.006348,-0.305176,0.0,-0.061035,1.006472,0.053851955666233645,0.0007930400000000226,0.0004636901281847797,CLEAN
85386,98604,110593,0.00415,0.013428,1.005127,-0.244141,0.0,0.12207,1.005225,0.0569920388545756,0.0004285200000000433,0.0004574520732229922,CLEAN
85547,99715,108819,0.003296,0.016113,1.005859,-0.183105,0.0,-0.12207,1.005994,0.0569920388545756,0.0003253199999999623,0.00045033290937263363,CLEAN
85706,98251,108390,0.004028,0.016602,1.006348,-0.305176,-0.061035,-0.061035,1.006493,0.0569920388545756,0.0007656799999999908,0.00045228955564330744,CLEAN
85867,97781,108387,0.004639,0.015381,1.005981,-0.244141,0.0,-0.12207,1.00611,0.05162355444421359,0.00039728000000005537,0.00045073795271312393,CLEAN
86028,99841,103979,0.00354,0.015015,1.005615,-0.305176,0.0,-0.12207,1.005734,0.05209116575471871,5.175999999984526e-05,0.0004582281095524629,CLEAN
86188,97629,107498,0.00415,0.015747,1.005005,-0.244141,-0.061035,-0.12207,1.005137,0.05108302276059994,0.0005109199999999703,0.0004556138859341578,CLEAN
86349,97930,105375,0.003296,0.015503,1.005859,-0.244141,0.0,-0.061035,1.005984,0.050234845108000595,0.00030247999999999386,0.0004576686197851278,CLEAN
86508,98502,106972,0.004028,0.015747,1.005005,-0.244141,0.061035,-0.12207,1.005136,0.048672976758761255,0.000540759999999807,0.00045738872293344844,CLEAN
86669,99400,109047,0.003418,0.015503,1.005371,-0.366211,0.0,-0.12207,1.005496,0.046806940543083445,0.0001612800000001524,0.0004608725557924746,CLEAN
86830,99234,109075,0.004395,0.015991,1.004761,-0.244141,0.0,-0.061035,1.004898,0.04463797236378806,0.0007299199999999395,0.000451860286147557,CLEAN
86991,99422,108888,0.004761,0.015625,1.005615,-0.183105,0.0,-0.12207,1.005748,0.042141933695776616,0.000140000000000029,0.0004588044129401447,CLEAN
87151,98443,104465,0.00354,0.016846,1.005249,-0.305176,0.061035,-0.061035,1.005396,0.04109061153383644,0.00014415999999983775,0.00043351917020282443,CLEAN
87310,98156,106312,0.00415,0.015015,1.006104,-0.366211,0.061035,-0.12207,1.006224,0.04109061153383644,0.000664679999999862,0.00042532849985552046,CLEAN
87471,98298,107633,0.001221,0.015015,1.005981,-0.366211,0.0,0.0,1.006094,0.04109061153383644,0.0005165600000001103,0.00041828814764945365,CLEAN
87632,99108,110417,0.005249,0.014404,1.006104,-0.12207,0.0,4.089355,1.00622,0.02702603637988873,0.0006475999999997484,0.0004189390674740288,CLEAN
87793,99247,110184,0.00415,0.015747,1.00647,-0.305176,0.0,0.732422,1.006601,0.026101014676945564,0.0009801599999998967,0.00042771199994389515,CLEAN
87952,99832,111879,0.004517,0.017822,1.006592,-0.305176,0.12207,2.197266,1.00676,0.026101014676945564,0.0010197599999999252,0.0003384766251939247,CLEAN
88112,100286,111518,0.005249,0.015381,1.006104,-0.305176,-0.061035,0.854492,1.006235,0.024915383725237716,0.0004305199999998788,0.00032436687211036795,CLEAN
88273,100298,96099,0.003662,0.015869,1.00647,-0.244141,0.0,-0.12207,1.006601,0.1443631971687249,0.0006985200000000358,0.00027361873642473033,NOISY
88433,95970,103398,0.004395,0.016968,1.005981,-0.305176,0.12207,0.0,1.006134,0.1443631971687249,0.00021204000000007994,0.00027068691262538717,NOISY
88594,93322,99330,0.003296,0.015503,1.005127,-0.244141,-0.12207,-0.12207,1.005252,0.1443631971687249,0.0006460800000001043,0.0002713325968573132,NOISY
88755,96048,104190,0.004028,0.017212,1.005615,-0.244141,0.061035,-0.610352,1.005771,0.06837065946072325,0.00012780000000001124,0.00027556634837608214,CLEAN
88914,97141,101628,0.004272,0.016113,1.006592,-0.305176,0.0,-0.061035,1.00673,0.04559429632239783,0.0008020799999999273,0.00028308052776550145,CLEAN
89075,94603,97312,0.004028,0.015991,1.006104,-0.244141,0.061035,-0.061035,1.006239,0.04559429632239783,0.00029164000000014845,0.0002767796637712399,CLEAN
89236,92033,99624,0.005005,0.014893,1.005371,-0.366211,0.0,-0.12207,1.005494,0.04173741908868424,0.0004142399999997881,0.0002699625757470599,CLEAN
89397,96206,101991,0.003662,0.016235,1.005737,-0.244141,0.0,-0.12207,1.005875,0.04154749895361941,5.9239999999904924e-05,0.0002825895789821745,CLEAN
89556,96392,102656,0.004761,0.015381,1.005371,-0.366211,0.061035,-0.061035,1.0055,0.04155338491290946,0.00041447999999988383,0.0002813365587998172,CLEAN
89717,96148,99788,0.003174,0.016235,1.006104,-0.305176,0.0,-0.061035,1.00624,0.042604565015338505,0.0003356399999998594,0.00027538383467442265,CLEAN
89878,96066,100453,0.003784,0.016113,1.006226,-0.244141,0.0,-0.12207,1.006362,0.04310335583394348,0.00044755999999979146,0.0002751694492053765,CLEAN
90037,89527,88456,0.003052,0.016602,1.006104,-0.305176,0.061035,-0.12207,1.006245,0.11517025652525854,0.0003101199999999693,0.0002641586067194984,NOISY
90198,85745,95362,0.004395,0.015503,1.006348,-0.183105,0.0,-0.12207,1.006477,0.11517025652525854,0.0004885199999999923,0.000264023467057987,NOISY
90359,96939,100751,0.003052,0.015015,1.005737,-0.244141,-0.061035,-0.12207,1.005854,0.11517025652525854,0.0001292800000001204,0.00027054903015408477,NOISY
90519,97138,101824,0.003784,0.015381,1.005981,-0.305176,-0.061035,-0.12207,1.006106,0.06660746003552398,8.391999999979305e-05,0.00027972478641214804,CLEAN
90680,97341,103016,0.003052,0.016968,1.005249,-0.305176,-0.061035,-0.061035,1.005397,0.05484622899558955,0.0006211199999999195,0.00027601310932150717,CLEAN
90839,95023,100456,0.003784,0.015991,1.005371,-0.305176,0.0,-0.061035,1.005505,0.053849672688723024,0.0005374000000000212,0.0002706339545880997,CLEAN
91000,92852,97645,0.003174,0.016602,1.004761,-0.427246,-0.183105,-0.061035,1.004903,0.0534313273838808,0.0011055999999998178,0.00029304102591501196,CLEAN
91161,90424,93623,0.002808,0.016602,1.004883,-0.061035,0.0,-0.061035,1.005024,0.0560379175109809,0.0009697200000000628,0.00029945971782972347,CLEAN
91320,89920,98088,0.000122,0.018066,1.00415,-0.488281,-0.549316,-0.732422,1.004313,0.055897513327574574,0.0016042800000002355,0.0003694072116820185,CLEAN
91481,94847,100701,0.001587,0.015869,1.00415,-0.305176,0.0,-0.244141,1.004277,0.054617470005998155,0.0015676000000000023,0.00042097044360543245,CLEAN
91642,95997,103603,0.000977,0.015991,1.005127,-0.305176,0.12207,-0.12207,1.005255,0.05165942121592643,0.0005509999999999682,0.0004209375975478497,CLEAN
91802,97890,103944,0.004517,0.015381,1.005615,-0.244141,0.061035,-0.12207,1.005743,0.0485964879582464,2.8680000000003147e-05,0.00042752435481192917,CLEAN
91963,97349,103269,0.001465,0.015991,1.004639,-0.427246,0.0,-0.12207,1.004767,0.0433051042854706,0.0009249600000000857,0.00042364118425545176,CLEAN
92122,97395,104983,0.001587,0.015747,1.006104,-0.305176,0.0,-0.12207,1.006228,0.03805897572589017,0.0005363199999999235,0.00042290404406992137,CLEAN
92283,97298,104158,0.001587,0.015015,1.005859,-0.244141,0.061035,-0.12207,1.005973,0.03783104593855452,0.00030644000000012994,0.0004246769859991909,CLEAN
92444,96684,102632,0.001831,0.016357,1.005493,-0.305176,0.244141,-0.12207,1.005628,0.037622618638334056,1.8320000000127123e-05,0.00043261551559171653,CLEAN
92603,96272,105413,0.001709,0.015747,1.006836,-0.183105,0.244141,-0.061035,1.006961,0.03875918050609231,0.001246319999999912,0.00045522509882769166,CLEAN
92765,99986,112015,0.00354,0.016968,1.004883,-0.366211,0.061035,-0.671387,1.005032,0.0654080164350273,0.0006531200000001736,0.0004466364878362315,CLEAN
92924,100714,112658,0.003052,0.015381,1.006714,-0.244141,-0.061035,-0.488281,1.006836,0.0654080164350273,0.0011466399999999766,0.0004589878606499503,CLEAN
93085,100217,102037,0.003296,0.015869,1.006714,-0.244141,0.0,-0.244141,1.006844,0.10457256101067051,0.0011304400000000658,0.00046673336120747375,NOISY
93245,94882,101728,0.002686,0.015869,1.006836,-0.427246,-0.12207,-0.061035,1.006965,0.10457256101067051,0.0011925999999999881,0.00047789930162746893,NOISY
93406,98710,99920,0.001587,0.015503,1.005249,-0.366211,-0.183105,-0.12207,1.00537,0.10457256101067051,0.0003821999999999992,0.0004652838218435618,NOISY
93567,90449,91471,0.001831,0.015991,1.005493,-0.244141,0.0,-0.061035,1.005622,0.08355439134744783,0.00013507999999995413,0.00047491521703986017,NOISY
93726,88191,97908,0.002319,0.015503,1.005005,-0.12207,-0.061035,-0.12207,1.005127,0.08355439134744783,0.0005855599999997629,0.00047045380233700805,NOISY
93887,99361,89864,0.002075,0.018555,1.004028,-0.244141,0.0,-0.305176,1.004202,0.08355439134744783,0.0014241599999997856,0.0004914543982914372,NOISY
94048,98260,100620,0.001099,0.015625,1.005493,-0.183105,0.0,-0.183105,1.005615,0.10638175819889235,1.4039999999937436e-05,0.0005048075428279583,NOISY
94207,95488,104515,0.002075,0.016968,1.006348,-0.244141,-0.12207,-0.610352,1.006493,0.10638175819889235,0.0008914000000002087,0.0005043607359817022,NOISY
94369,98345,101228,0.002319,0.023682,1.005493,-0.305176,0.0,-1.525879,1.005775,0.10638175819889235,0.0001765600000001033,0.0005021707140166633,NOISY
94528,95619,93433,0.000977,0.016235,1.007202,-0.305176,-0.12207,-0.305176,1.007333,0.07705834250718091,0.001685480000000128,0.0005203564344408584,CLEAN
94689,94520,103305,0.000244,0.013428,1.006104,-0.427246,0.061035,-0.427246,1.006193,0.0975796066529681,0.0005136399999998709,0.0005221423743360986,NOISY
94850,96983,102119,0.00061,0.013184,1.005859,-0.244141,0.12207,-0.244141,1.005946,0.0975796066529681,0.0002489999999999437,0.0005306829145770648,NOISY
95009,96321,102646,0.000977,0.015259,1.005737,-0.305176,0.0,-0.12207,1.005854,0.0975796066529681,0.00011896000000000129,0.0005406257974015064,NOISY
95171,96449,100148,0.000977,0.015869,1.005127,-0.366211,0.0,-0.12207,1.005253,0.05034866713610802,0.000491200000000136,0.000539964147081401,CLEAN
95330,93873,94404,0.001831,0.016113,1.005615,-0.305176,0.0,-0.061035,1.005746,0.056563893171446104,5.5519999999864567e-05,0.0005207496692628184,CLEAN
95491,92123,79657,0.0,0.016235,1.004761,-0.305176,0.0,-0.12207,1.004892,0.1464345321363574,0.0009341200000001493,0.00048817761853380643,NOISY
95652,91294,93929,0.000122,0.015869,1.005859,-0.183105,0.0,-0.061035,1.005985,0.1464345321363574,0.00012967999999990987,0.0004976830182730191,NOISY
95812,92556,104194,0.001343,0.016846,1.006104,-0.183105,-0.061035,-0.549316,1.006245,0.1464345321363574,0.00036959999999996995,0.00048594221396925676,NOISY
95973,97868,105259,0.001953,0.017334,1.006836,-0.305176,0.0,-0.183105,1.006987,0.1422645258938981,0.0010227999999998794,0.0004889485701652782,NOISY
96132,96681,100032,0.002441,0.015747,1.005859,-0.244141,0.0,-0.061035,1.005986,0.10231220602060237,3.147999999986162e-05,0.0005026259649587116,NOISY
96293,94654,100840,0.000366,0.016968,1.004883,-0.305176,0.0,-0.061035,1.005026,0.06897028143574414,0.0008906400000001646,0.0005021744815075234,CLEAN
96453,95670,99541,0.001465,0.016235,1.005737,-0.305176,0.0,-0.12207,1.005869,0.06885569407006176,5.72800000000484e-05,0.000500287873544843,CLEAN
96614,96007,102925,-0.000732,0.016357,1.00708,-0.366211,0.061035,-0.12207,1.007213,0.06827819368441924,0.00127663999999994,0.0005019008358471045,CLEAN
96775,95777,97491,0.001587,0.016602,1.005493,-0.244141,0.0,-0.061035,1.005631,0.06387136778741746,0.00032932000000007733,0.0005052395939195775,CLEAN
96935,90955,96892,0.001343,0.016724,1.005249,-0.183105,-0.061035,-0.061035,1.005389,0.0578505120125072,0.0005134399999999761,0.00049290399331312,CLEAN
97096,94965,97961,0.000366,0.015503,1.004272,0.061035,-0.244141,-0.12207,1.004392,0.05751060822761048,0.0014123600000000014,0.0005088913536018118,CLEAN
97255,73912,53535,0.00061,0.017456,1.005005,-0.183105,0.0,-0.061035,1.005157,0.46011806099583363,0.0005750399999999711,0.0004934441307112193,NOISY
97417,80908,97630,0.000366,0.016724,1.00415,-0.183105,0.12207,-0.183105,1.00429,0.46011806099583363,0.0013988400000002343,0.0005185243099000927,NOISY
97576,95869,104890,0.001099,0.015991,1.004028,-0.427246,0.0,-0.12207,1.004156,0.46011806099583363,0.00147419999999987,0.0005361502809822607,NOISY
97737,96903,101620,0.0,0.016357,1.005859,-0.305176,-0.061035,-0.183105,1.005992,0.4571235808383581,0.000327200000000083,0.0005402166077911279,NOISY
97897,95750,101930,0.000854,0.015747,1.005615,-0.305176,0.061035,-0.244141,1.005739,0.10862306168224733,1.2719999999966092e-05,0.0005300882563850762,NOISY
98058,95911,100424,0.00061,0.014771,1.007446,-0.244141,0.061035,-0.12207,1.007555,0.10860893648450544,0.001751119999999995,0.0005631630464060694,NOISY
98219,95706,101312,0.000366,0.015991,1.006104,-0.366211,-0.12207,-0.12207,1.006231,0.10805799080670547,0.000437600000000149,0.0005629600004831827,NOISY
98379,96731,102194,0.000854,0.016113,1.003784,-0.366211,0.0,-0.183105,1.003914,0.10817949792213938,0.0018049600000000776,0.0005990242701460727,NOISY
98538,96490,101131,0.001709,0.015381,1.005127,-0.244141,0.0,-0.061035,1.005246,0.10771331470213917,0.0003894799999999421,0.0005667012837677595,NOISY
98699,96084,104900,0.000122,0.015503,1.005249,-0.183105,-0.061035,-0.305176,1.005369,0.10804367399498606,0.0002335200000000981,0.0005725102397361017,NOISY
98860,99020,110903,0.001465,0.016479,1.005493,-0.305176,-0.061035,-0.12207,1.005629,0.11058646852501235,3.91600000002601e-05,0.00058014405571031,NOISY
99021,100996,113272,0.000122,0.015991,1.004883,-0.366211,-0.061035,-0.366211,1.00501,0.11396180748405249,0.0005460800000001154,0.0005702713197534474,NOISY
99181,101501,114011,0.001831,0.016113,1.006348,-0.244141,0.0,-0.12207,1.006478,0.11745353071634093,0.0008729199999999437,0.0005706690519638671,NOISY
99340,101685,114269,0.000977,0.016357,1.005737,-0.366211,0.0,-0.061035,1.005871,0.11981359620945545,0.0002609199999998868,0.0005627965538060819,NOISY
99501,101723,114391,0.001343,0.015869,1.005493,-0.244141,0.0,-0.12207,1.005619,0.11368101507071354,2.0160000000046807e-05,0.000575391909997581,NOISY
99662,101492,113718,0.0,0.015381,1.006226,-0.244141,0.0,-0.061035,1.006343,0.11419743997750306,0.000689519999999888,0.000565220266680751,NOISY
99823,101548,113907,0.000977,0.016602,1.005737,-0.305176,0.0,-0.061035,1.005875,0.11598912053709186,0.0002363200000001786,0.000568783930330888,NOISY
99982,101444,113568,0.000244,0.016479,1.004761,-0.244141,0.0,-0.061035,1.004896,0.11747859665089679,0.0006590399999999441,0.0005638582264458478,NOISY
100143,101156,113113,0.000488,0.015625,1.005493,-0.305176,0.0,-0.12207,1.005615,0.11834762340327329,7.479999999993048e-05,0.0005619428414017327,NOISY
100304,101304,113847,-0.000854,0.016235,1.004883,-0.244141,-0.061035,-0.12207,1.005014,0.11929021777780048,0.0005257199999999518,0.0005602044632548467,NOISY
100463,101557,114174,0.001099,0.015991,1.006104,-0.305176,0.0,-0.183105,1.006231,0.11983382692169413,0.000676800000000144,0.000547052047532334,NOISY
100624,101394,113559,0.000854,0.016479,1.005981,-0.244141,-0.061035,-0.366211,1.006117,0.12051110225985281,0.0006066399999997696,0.0005318622704322279,NOISY
100784,101434,113982,0.00061,0.01709,1.005981,-0.244141,-0.061035,-0.12207,1.006127,0.1199748729370143,0.000596800000000064,0.0005281401686269713,NOISY
100944,101464,114048,0.000488,0.017456,1.005981,-0.305176,0.0,-0.305176,1.006133,0.11892528450876728,0.0005730399999999136,0.0005276539123933343,NOISY
101106,101530,114280,0.000366,0.015625,1.006104,-0.366211,0.0,-0.305176,1.006225,0.11792923849878077,0.0005917199999998513,0.0005030614598263919,NOISY
101265,101567,114373,0.000366,0.016235,1.005737,-0.244141,0.0,-0.488281,1.005868,0.05502529761670654,0.00020628000000000313,0.0005096443120556342,CLEAN
101426,101585,114516,0.000122,0.016235,1.005737,-0.244141,0.061035,-0.366211,1.005868,0.0506281386626512,0.00014316000000014206,0.0004891209151555887,CLEAN
101587,101401,113761,-0.000366,0.016479,1.004028,-0.305176,0.061035,-0.305176,1.004164,0.049894746180435996,0.0015611600000000614,0.0004962249040747442,CLEAN
101746,101344,113928,0.000122,0.016724,1.006104,-0.305176,0.061035,-0.305176,1.006243,0.04716013746839716,0.0005078000000000582,0.000494103624904726,CLEAN
101907,101290,113840,-0.001099,0.016357,1.005005,-0.305176,0.061035,-0.183105,1.005139,0.04406548349225152,0.0005721999999999117,0.0004807396017138466,CLEAN
102068,101331,114041,0.00061,0.014526,1.005737,-0.366211,0.0,-0.12207,1.005842,0.03898056413822695,0.0001993199999998918,0.0004199838581532942,CLEAN
102229,101375,114142,0.000122,0.016479,1.004883,-0.244141,-0.061035,-0.12207,1.005018,0.03355713400117964,0.0005761600000000477,0.0004197515320154621,CLEAN
102388,101398,114282,-0.000244,0.015503,1.005249,-0.305176,-0.061035,-0.061035,1.005369,0.027620598689438555,0.0002833600000000658,0.00032664853893645164,CLEAN
102550,101410,113621,0.000122,0.016602,1.005493,-0.366211,-0.061035,-0.12207,1.00563,0.01687122538977166,3.771999999990783e-05,0.00033746472659522246,CLEAN
102709,101141,113812,0.000977,0.016479,1.005737,-0.305176,0.0,-0.12207,1.005873,0.006121334966918378,0.0001851200000000386,0.0003389037991170786,CLEAN
102870,101208,113744,-0.000122,0.015869,1.00647,-0.244141,0.0,-0.12207,1.006595,0.005825952618170768,0.0008684799999998383,0.00033763269318002,CLEAN
103031,101204,114011,0.0,0.016724,1.005371,-0.305176,0.0,-0.061035,1.00551,0.002780915948145917,0.00023652000000007334,0.000340877980655822,CLEAN
103190,101317,114216,0.000488,0.017212,1.004517,-0.305176,0.061035,-0.12207,1.004664,0.0028164069536464565,0.0010099599999999764,0.00034863305513962956,CLEAN
103352,101427,114456,0.000366,0.016113,1.004761,-0.244141,0.0,-0.061035,1.00489,0.0028987269238040423,0.000744719999999921,0.0003496258861735719,CLEAN
103511,101457,114033,-0.000488,0.016113,1.006226,-0.244141,-0.061035,-0.12207,1.006355,0.0037118651920762997,0.0006908400000000814,0.00033715739272135114,CLEAN
103672,101160,114014,0.000366,0.015381,1.004272,-0.244141,0.0,-0.183105,1.00439,0.0037118651920762997,0.0011960399999999538,0.0003619436754560837,CLEAN
103832,101210,113861,-0.000854,0.015747,1.005127,-0.305176,0.061035,-0.12207,1.005251,0.0037118651920762997,0.00031007999999999036,0.000359638071977922,CLEAN
103992,101166,114051,0.000122,0.016968,1.005859,-0.305176,0.0,0.0,1.006002,0.0026739064459625895,0.00039668000000014914,0.000360009687521501,CLEAN
104154,101292,114279,-0.00061,0.016846,1.005615,-0.305176,0.0,-0.061035,1.005756,0.002187769192557466,0.0001450400000000407,0.00035652703382865395,CLEAN
104313,101340,114487,-0.000366,0.015869,1.005981,-0.305176,-0.061035,-0.12207,1.006107,0.002296410145321631,0.0004523200000001726,0.00035693140377014124,CLEAN
104474,101295,113772,0.00061,0.016357,1.004883,-0.244141,0.0,-0.12207,1.005016,0.006269490222927289,0.0005900800000000483,0.0003559130019690984,CLEAN
104635,101095,113927,-0.000732,0.015381,1.005615,-0.183105,0.0,-0.12207,1.005733,0.006269490222927289,0.00014227999999993912,0.0003638432577030835,CLEAN
104795,101100,113726,-0.000122,0.016357,1.004883,-0.305176,0.061035,-0.12207,1.005016,0.006269490222927289,0.0005302799999999941,0.00036344543026978893,CLEAN
104955,101033,113828,-0.000366,0.016113,1.005493,-0.183105,0.061035,-0.305176,1.005622,0.0022869185908300053,9.616000000001179e-05,0.00037240371214045695,CLEAN
105116,101069,113868,0.000488,0.016724,1.005981,-0.244141,-0.061035,-0.061035,1.006121,0.002262756953436556,0.0005993200000000698,0.00037249250067081105,CLEAN
105276,101108,114099,-0.000122,0.015137,1.005005,-0.244141,-0.061035,-0.12207,1.005119,0.0021767552343009405,0.00037271999999988203,0.00036865473605528963,CLEAN
105437,101178,113531,0.00061,0.016968,1.005249,-0.305176,-0.061035,-0.12207,1.005392,0.004983627730027761,8.067999999994413e-05,0.00037136165867071965,CLEAN
105596,100840,113520,0.000244,0.015259,1.006104,-0.244141,0.0,-0.12207,1.006219,0.004983627730027761,0.0006641199999999348,0.000300712020156597,CLEAN
105757,100928,113486,-0.000122,0.016602,1.005859,-0.305176,0.0,-0.12207,1.005996,0.004983627730027761,0.00045099999999975715,0.00030054657431640797,CLEAN
105917,100929,113705,-0.000244,0.016479,1.005859,-0.427246,0.0,-0.061035,1.005994,0.002430789027563241,0.00041479999999993744,0.00029968557967753866,CLEAN
106078,101053,113977,-0.00061,0.014893,1.006836,-0.244141,0.0,-0.061035,1.006946,0.0024249381197406004,0.0013226399999999305,0.0003416578523064502,CLEAN
106239,101154,114145,-0.001221,0.015869,1.005737,-0.305176,0.0,0.0,1.005863,0.002425751496635989,0.00020584000000001268,0.00034603218270365415,CLEAN
106399,101195,114249,0.000488,0.015015,1.005737,-0.244141,0.061035,-0.061035,1.005849,0.0024114099938621204,0.00017263999999994617,0.000349360631615323,CLEAN
106560,100963,113480,-0.00061,0.015503,1.005249,-0.183105,0.0,-0.061035,1.005369,0.006749694639952505,0.0002969200000000338,0.00033949888866188326,CLEAN
106719,100983,113716,-0.000244,0.017212,1.005127,-0.244141,-0.061035,-0.12207,1.005274,0.006749694639952505,0.000367959999999945,0.0003346593767439597,CLEAN
106881,100912,113558,-0.00061,0.015503,1.006714,-0.244141,-0.061035,-0.12207,1.006833,0.006749694639952505,0.001181520000000047,0.00035450969252005435,CLEAN
107041,100945,113705,0.0,0.016113,1.005737,-0.305176,-0.061035,-0.12207,1.005866,0.0025888024407580866,0.00020028000000005264,0.000355733104057893,CLEAN
107200,100990,113718,-0.000366,0.014893,1.004761,-0.366211,0.0,-0.12207,1.004871,0.002546014706958877,0.0008029999999998871,0.0003457705968760141,CLEAN
107361,101013,113652,-0.000122,0.014893,1.00647,-0.305176,0.0,-0.061035,1.00658,0.002354337912501004,0.0008383999999999059,0.00034905771230174455,CLEAN
107522,100748,113322,-0.00061,0.015747,1.005615,-0.305176,0.0,-0.12207,1.005739,0.002899135389974122,2.2039999999945437e-05,0.0003593676634831344,CLEAN
107682,100891,113486,-0.000366,0.015625,1.005005,-0.244141,0.061035,-0.061035,1.005126,0.002899135389974122,0.0006204000000000764,0.00032828153242808283,CLEAN
107843,100868,113554,0.0,0.016602,1.004517,-0.183105,-0.061035,-0.12207,1.004654,0.002899135389974122,0.0010685200000000172,0.00034909287911767163,CLEAN
108003,100932,113708,-0.000122,0.015991,1.005249,-0.244141,-0.061035,-0.061035,1.005376,0.002550167444701067,0.0003214799999999851,0.0003501758305156612,CLEAN
108164,100975,113729,0.000122,0.015259,1.004639,-0.183105,-0.061035,-0.244141,1.004755,0.0023818636751795725,0.0009024399999999488,0.0003528847118025949,CLEAN
108323,100991,113344,-0.001343,0.015381,1.004761,-0.305176,0.0,-0.183105,1.004879,0.0033857404922251087,0.0007293199999998112,0.00035538011699774654,CLEAN
108484,100558,112905,0.000977,0.016235,1.004517,-0.305176,0.061035,-0.12207,1.004648,0.0038618013482349016,0.0009456000000001019,0.00036528503681007297,CLEAN
108644,100710,112937,-0.000244,0.016602,1.006348,-0.244141,0.061035,-0.061035,1.006485,0.0038618013482349016,0.0008613200000000543,0.00036144318188802187,CLEAN
108805,100608,113059,0.0,0.016602,1.005615,-0.244141,-0.061035,-0.12207,1.005752,0.0038618013482349016,9.887999999991237e-05,0.00037316704481148903,CLEAN
108965,100749,113278,0.000244,0.015869,1.005981,-0.244141,-0.061035,-0.12207,1.006107,0.002994070027469587,0.00043448000000001485,0.000362164470872937,CLEAN
109125,100820,113427,0.000244,0.017334,1.006104,-0.305176,0.0,-0.061035,1.006253,0.002962451379052381,0.000575200000000109,0.0003620848489880159,CLEAN
109286,100897,113475,0.000488,0.015747,1.005859,-0.305176,-0.061035,-0.061035,1.005983,0.0028037262238001675,0.0002706400000000997,0.00036482751364081155,CLEAN
109446,100590,112802,-0.000366,0.016235,1.005371,-0.244141,0.0,-0.12207,1.005502,0.005928602361504149,0.00021475999999998052,0.0003585102464365583,CLEAN
109607,100675,113021,-0.000488,0.016602,1.005127,-0.244141,0.0,-0.183105,1.005264,0.005928602361504149,0.00041456000000006377,0.00035894611311077684,CLEAN
109767,100631,113014,-0.000366,0.016602,1.006104,-0.244141,0.0,-0.12207,1.006241,0.005928602361504149,0.0005526399999999931,0.00035836045215583237,CLEAN
109928,100736,113310,-0.001221,0.015381,1.005859,-0.244141,0.0,-0.061035,1.005978,0.0033160928678634895,0.0002902799999999761,0.0003612217603781169,CLEAN
110089,100839,113517,-0.000244,0.015991,1.005005,-0.305176,0.061035,-0.12207,1.005132,0.0031821755623511454,0.000483160000000149,0.00032328300656855283,CLEAN
110248,100920,113557,0.000122,0.015381,1.006226,-0.366211,0.061035,-0.12207,1.006343,0.0029218256443523626,0.0007086399999998161,0.0003188651292568701,CLEAN
110410,100664,112943,-0.00061,0.015381,1.005615,-0.305176,0.0,-0.061035,1.005733,0.005415957917124906,0.0001032800000000389,0.00032243117457218286,CLEAN
110569,100776,113145,-0.00061,0.016235,1.00708,-0.305176,0.0,-0.061035,1.007211,0.005415957917124906,0.0015076000000000533,0.00037262769623312014,CLEAN
110731,100693,113123,-0.000977,0.015503,1.005615,-0.305176,0.0,-0.061035,1.005735,0.005415957917124906,1.315999999995654e-05,0.00038752475189765214,CLEAN
110891,100793,113411,-0.000244,0.016846,1.005493,-0.305176,0.061035,-0.061035,1.005634,0.0025519625142284437,3.9880000000103166e-05,0.00037920275745832445,CLEAN
111050,100901,113604,-0.000244,0.015747,1.004883,-0.244141,0.0,-0.12207,1.005006,0.0025413480863295946,0.000633479999999853,0.0003738054395323817,CLEAN
111211,100939,112869,-0.000122,0.015991,1.006104,-0.244141,0.0,-0.12207,1.006231,0.0064879075994847815,0.0005371200000001686,0.0003697154007287223,CLEAN
111372,100550,112982,0.001099,0.015503,1.005615,-0.305176,-0.061035,-0.061035,1.005735,0.0064879075994847815,7.492000000008936e-05,0.000374465608211666,CLEAN
111533,100668,112748,-0.000732,0.015869,1.005615,-0.244141,-0.061035,-0.12207,1.005741,0.0064879075994847815,8.083999999985991e-05,0.000371531587531041,CLEAN
111693,100592,112948,-0.000244,0.016479,1.005249,-0.305176,0.061035,-0.12207,1.005384,0.0026493376206534105,0.00028647999999997786,0.0003729961463107477,CLEAN
111852,100667,113081,-0.000854,0.015869,1.004761,-0.305176,-0.061035,-0.061035,1.004886,0.0025848091023922258,0.0007937600000000877,0.0003588967431671729,CLEAN
112014,100727,113305,0.000244,0.016724,1.005371,-0.244141,0.061035,-0.061035,1.00551,0.0024190638705200314,0.00017511999999997307,0.0003626784079741595,CLEAN
112173,100806,112516,-0.000244,0.016724,1.005737,-0.244141,0.0,-0.183105,1.005876,0.006974102303097845,0.00014603999999995843,0.0003565200592168802,CLEAN
112334,100359,112591,-0.000122,0.015259,1.006836,-0.305176,0.0,-0.061035,1.006952,0.006974102303097845,0.00113912000000016,0.0003791354212732185,CLEAN
112494,100488,112433,-0.000732,0.015991,1.005859,-0.305176,0.0,-0.061035,1.005987,0.006974102303097845,0.0001205600000000473,0.00037048254100476876,CLEAN
112656,100468,112671,-0.000366,0.015991,1.005493,-0.366211,0.0,-0.061035,1.00562,0.0029420011957252633,0.00021183999999996317,0.00036106181965237346,CLEAN
112815,100554,112901,-0.000244,0.016724,1.004883,-0.305176,0.0,-0.12207,1.005022,0.002957883194121448,0.0007806399999998881,0.00036340403520050484,CLEAN
112976,100627,113092,-0.001343,0.015991,1.005859,-0.366211,0.061035,-0.061035,1.005987,0.0029329986647170536,0.0001891599999999105,0.0003663957880616875,CLEAN
113137,100727,113121,-0.001099,0.015991,1.007202,-0.305176,0.0,-0.061035,1.00733,0.002857272960988476,0.0014890800000000315,0.0004242064164657096,CLEAN
113297,100369,112435,-0.001099,0.016479,1.005615,-0.244141,0.0,-0.12207,1.005751,0.006070495621455928,8.063999999996518e-05,0.0004292309771797484,CLEAN
113458,100526,112691,-0.000244,0.015259,1.005737,-0.305176,0.0,-0.12207,1.005853,0.006070495621455928,7.320000000143878e-06,0.0004357755121956062,CLEAN
113617,100445,112659,-0.001587,0.016846,1.005371,-0.183105,-0.061035,-0.061035,1.005513,0.006070495621455928,0.00034263999999994965,0.0004361489896812902,CLEAN
113779,100592,112962,-0.000488,0.016357,1.005493,-0.244141,0.0,-0.12207,1.005626,0.0030342826894518365,0.00020503999999998967,0.00043766406493261917,CLEAN
113939,100631,113064,0.0,0.016357,1.006226,-0.305176,0.0,-0.12207,1.006359,0.0029791751461723855,0.0005127200000001331,0.00043722885971842916,CLEAN
